Actual_Energy,Predicted_Energy
13.0,12.38278230352423
0.0,0.0
0.0,0.0
0.0,0.0
7.0,6.439919564605856
0.0,0.0
12.0,12.644351541382031
6.0,3.675
0.0,0.0
13.0,12.566056608616073
0.0,0.0
7.0,4.765
0.0,0.0
12.0,12.56545129760247
12.0,12.15
13.0,12.300118714251076
12.0,12.499852722140922
12.0,12.34787153930564
0.0,0.0
0.0,0.0
14.0,12.53836347217576
0.0,0.0
12.0,12.344195052449999
0.0,0.0
0.0,0.0
12.0,13.16318063966724
0.0,0.0
0.0,0.0
13.0,12.53419787492405
12.0,12.313294672420746
13.0,12.314801809888895
0.0,0.0
0.0,0.0
0.0,0.04
0.0,0.0
12.0,12.405360526842598
12.0,10.553571428571429
13.0,12.362323413754869
0.0,0.0
13.0,12.745306438698467
0.0,0.0
9.0,8.7
0.0,0.0
0.0,0.0
12.0,12.544575323585157
12.0,12.231947122857491
0.0,0.0
0.0,0.0
0.0,0.0
0.0,0.0
0.0,0.0
0.0,0.0
12.0,12.442908847242391
12.0,12.896568604863273
0.0,0.0
0.0,0.0
12.0,11.971457825764903
0.0,0.0
13.0,12.49054502435319
12.0,12.835879711700002
0.0,0.0
0.0,0.0
0.0,0.0
13.0,12.515135036182539
0.0,0.0
0.0,0.0
0.0,0.0
0.0,0.0
0.0,0.0
0.0,0.0
0.0,0.0
0.0,0.0
0.0,0.0
12.0,12.803643745660917
13.0,12.262540468772508
0.0,0.0
0.0,0.0
0.0,0.0
0.0,0.0
0.0,0.0
6.0,7.748878244139031
12.0,12.24245787506396
0.0,0.0
12.0,12.714845091268273
0.0,0.0
13.0,12.514956083848917
12.0,12.803727073402715
12.0,12.828461538461537
0.0,0.0
9.0,7.033116432121733
0.0,0.0
13.0,12.516339474151982
14.0,12.53776869358574
13.0,12.969412566844083
12.0,11.666470588235292
12.0,12.346852364080535
13.0,12.663361240510696
13.0,12.415455436949093
0.0,0.0
0.0,0.0
7.0,6.672455281184548
12.0,12.514424289376532
0.0,0.0
0.0,0.0
0.0,0.0
12.0,12.408005850997608
0.0,0.0
0.0,0.0
12.0,12.379630054234745
12.0,12.190043535009051
14.0,12.489305925713632
0.0,0.0
12.0,12.530875686603377
12.0,12.175136237539116
0.0,0.0
0.0,0.0
14.0,12.816460117758261
0.0,0.0
0.0,0.0
13.0,12.861488727214974
12.0,8.453711382113822
12.0,12.25997757718506
0.0,0.0
0.0,0.0
0.0,0.0
12.0,12.541380062649647
0.0,0.0
13.0,12.19012054382454
0.0,0.0
0.0,0.0
12.0,12.774984075745735
13.0,12.178164041695352
0.0,0.0
0.0,0.0
13.0,12.347519619848326
14.0,12.93452953116923
1.0,1.22
0.0,0.0
0.0,0.0
0.0,0.0
13.0,11.63765850761903
0.0,0.0
0.0,0.57
0.0,0.0
13.0,12.13618192108245
13.0,12.660481652945625
12.0,10.45
12.0,12.14791245963402
0.0,0.0
0.0,0.015
0.0,0.025
0.0,0.0
0.0,0.0
0.0,0.0
0.0,0.0
0.0,0.0
0.0,0.01
0.0,0.0
0.0,0.0
0.0,0.0
12.0,12.241305334461224
14.0,12.305402340880576
0.0,0.0
12.0,12.41501145234355
12.0,11.991308724832216
0.0,0.0
12.0,12.468119442587243
13.0,12.385821602038188
0.0,0.0
0.0,0.0
14.0,12.667539041709185
12.0,12.363507129860022
13.0,12.322375670601708
12.0,12.463407848335164
12.0,8.5
0.0,0.0
12.0,12.17307238541216
0.0,0.0
0.0,0.0
0.0,0.0
0.0,0.0
12.0,12.271768535434092
0.0,0.0
13.0,12.38044906917838
12.0,12.613981718531539
12.0,11.02161507061725
0.0,0.0
0.0,0.0
0.0,0.0
12.0,11.713812101471305
12.0,12.27470327752315
0.0,0.0
0.0,0.0
12.0,12.472314119865402
12.0,12.186858328106496
13.0,12.579008062288505
0.0,0.0
0.0,0.0
6.0,6.295770685517396
0.0,0.0
0.0,0.0
0.0,0.0
12.0,12.256087685554416
14.0,12.58772088231334
12.0,12.336360777191043
0.0,0.0
0.0,0.0
0.0,0.0
12.0,12.440754797860897
0.0,0.0
13.0,12.674014960463557
12.0,12.313647946745885
0.0,0.065
11.0,11.831120689655172
12.0,12.347760781597001
13.0,12.744640677445545
12.0,12.282855426232887
14.0,12.777284240422816
0.0,9.465
12.0,12.987063717153525
0.0,0.0
13.0,10.63
12.0,11.974518610658043
0.0,0.0
0.0,0.0
0.0,0.0
0.0,0.005
13.0,12.154693354547646
0.0,0.0
0.0,0.0
0.0,0.0
0.0,0.0
0.0,0.0
14.0,12.318825611494608
13.0,12.899880444665678
0.0,0.0
0.0,0.0
0.0,0.52
0.0,0.0
12.0,12.426863474222847
0.0,0.14
0.0,0.0
6.0,7.066676364477392
6.0,6.29710115796912
0.0,0.0
0.0,0.0
0.0,0.0
12.0,12.237253914289386
0.0,0.0
0.0,0.0
14.0,12.474604238929992
0.0,0.0
13.0,11.8229561019347
0.0,0.0
6.0,5.74
0.0,0.0
12.0,12.12919298683719
0.0,0.0
14.0,12.318881071449297
0.0,0.0
14.0,12.299551718737005
0.0,0.0
0.0,0.0
12.0,12.79785788215642
0.0,0.0
1.0,0.7
12.0,12.096529320810266
12.0,12.332916691953777
14.0,12.276460830372903
9.0,12.013024277454111
0.0,0.66
12.0,12.455658108487164
7.0,6.649227998021745
0.0,0.0
0.0,0.0
12.0,12.300160081294777
12.0,12.871717679477047
0.0,0.0
12.0,12.979360336018837
0.0,0.0
0.0,0.0
6.0,6.3806952221522435
0.0,0.0
12.0,12.740682512904781
0.0,0.0
13.0,12.976044961052155
0.0,0.0
0.0,0.0
12.0,10.974214564942713
0.0,0.0
0.0,0.0
12.0,12.252950495013849
0.0,0.0
0.0,0.0
2.0,4.18
12.0,11.966793290649964
12.0,12.256521214658889
0.0,0.0
0.0,0.0
0.0,0.0
12.0,12.067910573190316
13.0,12.444637513256835
12.0,12.442111484762414
0.0,0.0
12.0,12.323185431633835
12.0,12.505026755262259
0.0,0.0
13.0,12.433252481290603
0.0,0.0
0.0,0.0
13.0,12.79118982212112
0.0,0.0
12.0,12.96561309028288
12.0,12.297911483023192
0.0,0.0
12.0,12.184729541918427
0.0,0.0
13.0,13.107431603281752
0.0,0.0
0.0,0.0
0.0,0.33
0.0,0.0
0.0,0.0
13.0,12.534174760489341
12.0,12.263116063159863
13.0,13.080813679074549
12.0,12.579611870406927
13.0,12.241900643274029
0.0,0.0
0.0,0.0
13.0,12.520369127072243
0.0,0.0
0.0,0.0
13.0,12.819519844423558
12.0,12.285510441992887
12.0,11.952988064202323
0.0,0.0
0.0,0.0
0.0,0.0
0.0,0.0
13.0,12.652521978988613
0.0,0.0
0.0,0.0
12.0,12.435747874831327
12.0,12.21725754121752
14.0,12.43800433136302
0.0,8.840769230769231
0.0,0.0
0.0,0.0
0.0,0.075
12.0,12.128605384090541
12.0,12.442677046835145
0.0,0.0
0.0,0.0
0.0,0.0
13.0,11.355876301302688
0.0,0.0
13.0,12.465194099410912
12.0,12.39071506356291
12.0,12.498014252470602
0.0,0.0
13.0,12.840589682550563
0.0,0.0
13.0,12.66071101490839
12.0,12.07156452315155
14.0,12.806821289072362
0.0,0.0
14.0,12.362806940826957
12.0,12.01878661708496
0.0,0.0
13.0,12.50432429524469
0.0,0.0
14.0,12.450955328155812
0.0,0.0
0.0,0.0
0.0,0.0
13.0,12.287220166979848
12.0,12.475
12.0,8.874700311727214
0.0,0.0
0.0,0.0
0.0,0.0
0.0,0.0
13.0,12.30152282270431
0.0,0.0
6.0,6.250561414539804
0.0,0.09
13.0,12.28086510054344
13.0,12.515215989399232
12.0,12.589168625914317
6.0,6.173938457226731
0.0,0.0
0.0,0.0
0.0,0.0
0.0,0.0
12.0,12.44977594692182
12.0,12.202123506574072
0.0,0.0
12.0,12.3739304562603
0.0,0.0
0.0,0.0
12.0,12.983126479702037
13.0,11.88286111111111
6.0,6.304321403278255
13.0,9.13
0.0,0.0
0.0,0.275
0.0,6.525
13.0,12.228316416752925
14.0,11.912450089122553
12.0,12.176535448971793
0.0,0.0
12.0,12.829817830198728
13.0,12.469721974929712
13.0,12.562981677417689
0.0,0.0
0.0,0.0
0.0,0.0
0.0,0.0
0.0,0.0
13.0,12.311068333940602
6.0,6.285280630241219
13.0,13.043001821297059
0.0,0.0
12.0,13.570093545787069
0.0,0.0
14.0,12.071602842479274
14.0,11.840886205648175
13.0,12.597948962188893
12.0,12.670827570213266
0.0,0.0
0.0,0.0
12.0,12.614964835875508
0.0,0.0
12.0,12.338469956240544
0.0,0.0
0.0,0.0
0.0,0.0
12.0,12.417342429564146
12.0,12.482371402492697
12.0,12.029978036997159
0.0,0.0
12.0,12.255890861050794
0.0,0.965
7.0,6.404674251753485
0.0,0.0
0.0,0.0
13.0,12.651983646471152
0.0,0.0
0.0,2.375
0.0,0.0
14.0,12.424347276871954
0.0,0.0
12.0,12.081959583255118
12.0,12.027459960344624
14.0,12.888015284307928
12.0,13.15066564722023
13.0,3.935
12.0,12.3595214478801
13.0,12.530471565934068
0.0,0.0
0.0,0.0
0.0,0.0
0.0,0.0
0.0,0.0
0.0,0.03
0.0,0.0
0.0,0.0
0.0,0.0
12.0,12.42184542385478
0.0,0.0
0.0,0.0
0.0,0.0
12.0,12.575680531067654
13.0,11.445294117647059
0.0,1.4475
0.0,0.0
0.0,0.0
0.0,0.0
0.0,0.0
0.0,0.0
12.0,12.467059653029535
10.0,13.461550066409158
14.0,12.621165138757144
12.0,12.275526996669141
13.0,12.184219253321258
12.0,12.323155211068725
12.0,12.37011016761017
0.0,0.0
0.0,0.0
0.0,0.0
0.0,0.0
11.0,12.352723737253957
13.0,12.550410020159447
7.0,6.3473238825748854
0.0,0.0
12.0,12.912150017809644
0.0,0.0
13.0,13.03614991199079
9.0,9.827482796255843
0.0,0.0
0.0,0.0
12.0,11.073397869535428
0.0,0.0
0.0,0.0
0.0,0.0
0.0,0.0
12.0,11.99532258064516
7.0,6.252022400752723
0.0,0.0
13.0,12.450043011861686
13.0,12.102017679029903
0.0,0.0
14.0,12.108660830271397
13.0,12.514609016956202
0.0,0.0
0.0,0.0
13.0,11.699672858803295
0.0,0.0
7.0,6.396008105656606
12.0,12.370104636486053
0.0,0.0
0.0,0.0
11.0,11.754615873429264
13.0,12.9343805309856
0.0,0.065
0.0,0.0
0.0,0.0
12.0,12.248880473025393
7.0,6.077357589809188
12.0,11.97369411764706
0.0,0.0
0.0,0.0
7.0,6.9184781548345935
0.0,0.0
0.0,0.0
0.0,0.0
13.0,12.694321342112923
0.0,0.0
12.0,12.358115583833646
6.0,6.213630631266061
13.0,12.13092089854063
0.0,0.0
12.0,12.487611162504153
0.0,0.0
13.0,12.343200702678963
13.0,12.524627583557328
0.0,0.51
12.0,10.81513605637054
0.0,0.0
12.0,12.495
12.0,12.873468263642858
13.0,10.081621315192743
0.0,0.005
14.0,11.541896551724138
0.0,0.0
0.0,0.0
0.0,0.0
0.0,0.0
0.0,0.0
0.0,0.0
0.0,0.0
6.0,6.36477323754897
12.0,5.92
14.0,12.501240121076819
0.0,0.0
0.0,0.0
0.0,0.0
12.0,12.358846559092129
0.0,0.0
13.0,12.58235334174142
0.0,0.0
7.0,6.295056537045742
12.0,12.46815221240696
0.0,0.0
0.0,0.0
0.0,0.0
0.0,0.0
12.0,12.372198923337157
13.0,12.042318224287257
13.0,12.751572888789772
13.0,9.054666666666668
0.0,0.0
12.0,12.328539013219697
14.0,12.38405590334385
0.0,0.0
0.0,0.0
14.0,12.94912153312789
13.0,12.531271000260913
12.0,12.46192794422605
13.0,13.062459680502561
13.0,12.452413856738264
0.0,0.0
13.0,12.736768877713855
0.0,1.185
13.0,12.897087469474238
0.0,0.0
0.0,0.0
12.0,10.56257142857143
13.0,12.611572657519682
0.0,0.06
0.0,0.0
0.0,0.0
0.0,0.0
0.0,0.0
0.0,0.0
0.0,0.0
7.0,6.553797670408849
0.0,0.125
0.0,0.0
0.0,0.0
12.0,9.965
0.0,0.0
0.0,0.0
12.0,12.451506037808443
13.0,12.43739854395278
0.0,0.0
14.0,12.93038408453557
6.0,1.235
0.0,0.0
14.0,12.777523153135508
0.0,0.0
12.0,12.252111893304257
0.0,0.0
0.0,0.0
0.0,0.0
12.0,11.964135911096557
13.0,12.514690221878702
0.0,0.0
12.0,12.512259577094678
6.0,6.3753361716434815
0.0,0.0
0.0,0.0
12.0,12.274975613767644
0.0,0.0
12.0,12.30957814360816
13.0,12.680633390690138
0.0,0.0
0.0,0.0
14.0,12.063064880385625
0.0,0.0
13.0,12.161849879661517
12.0,12.21855111135032
6.0,6.786433195462882
0.0,0.0
14.0,12.471112631850447
0.0,0.0
0.0,0.0
12.0,12.54952900588348
13.0,12.237790004663454
13.0,12.3156223616887
0.0,0.0
0.0,0.0
13.0,12.68516784091819
0.0,0.0
0.0,0.0
6.0,6.126766232468118
0.0,0.0
13.0,12.895811989907582
8.0,11.953276236447387
12.0,12.374681286923519
0.0,0.0
13.0,13.178791808081817
13.0,12.621764474086431
0.0,0.0
13.0,12.855831744198357
13.0,12.65099066165924
0.0,0.0
0.0,0.0
12.0,11.861565964604358
13.0,12.546281544200438
0.0,2.249706869551595
0.0,0.0
0.0,0.0
0.0,0.0
0.0,0.0
0.0,0.0
0.0,0.0
12.0,10.95
0.0,0.0
0.0,0.0
13.0,12.61
0.0,0.0
12.0,12.309414448239197
12.0,12.407410985694087
0.0,0.0
12.0,12.353595838876242
0.0,0.0
0.0,0.0
0.0,0.0
0.0,0.0
0.0,0.0
13.0,12.651412507956382
13.0,12.191139415204816
14.0,11.500277777777779
0.0,0.0
13.0,11.885275095712757
0.0,0.0
0.0,0.0
13.0,12.467132713129486
0.0,0.0
14.0,12.937978556842175
13.0,12.373873862526947
7.0,5.878790639518362
0.0,0.0
0.0,0.575
13.0,12.775251907853852
13.0,12.29440733190828
13.0,10.944387352559781
0.0,0.0
14.0,12.388464410589409
0.0,0.0
0.0,0.0
13.0,12.705454577156129
13.0,12.47
12.0,12.449441804925243
13.0,12.29694590021259
6.0,6.672171222543242
14.0,12.358161630583734
0.0,0.0
0.0,0.0
0.0,0.0
0.0,0.0
0.0,0.0
0.0,0.0
0.0,0.0
0.0,0.0
12.0,12.24772889012613
0.0,0.0
0.0,0.0
0.0,0.0
12.0,12.809322028023052
12.0,12.379432132364318
6.0,9.1625
13.0,12.90904611215668
0.0,0.0
12.0,12.337543072558226
12.0,12.320030934203379
12.0,12.27315507844689
13.0,12.393825808152556
13.0,12.353421675906539
13.0,12.324319703158837
12.0,12.570271316535688
13.0,11.867091609583204
13.0,13.070534882399004
12.0,12.519397287081047
3.0,6.111578137637343
0.0,0.0
0.0,0.0
0.0,0.0
0.0,0.0
0.0,0.0
0.0,0.0
0.0,0.0
12.0,12.532262297976532
0.0,0.0
0.0,0.0
0.0,0.0
13.0,12.540375935853831
0.0,0.0
12.0,12.621283051742768
0.0,0.0
0.0,0.0
12.0,12.461103922173157
13.0,11.47
12.0,12.41979356109405
0.0,0.0
12.0,12.566973567841599
0.0,0.0
0.0,0.0
13.0,12.373214683938091
12.0,12.34688739346865
12.0,12.306677634491335
0.0,0.0
0.0,0.0
0.0,0.0
14.0,12.459161685145478
0.0,0.0
0.0,0.0
0.0,0.0
0.0,0.0
13.0,12.150091986338703
12.0,12.45030611489879
0.0,0.0
13.0,12.297536200781076
0.0,0.0
0.0,0.0
0.0,0.0
12.0,13.267096458397619
0.0,0.0
12.0,13.102225765874296
0.0,0.0
12.0,12.216018124472882
12.0,12.560565805315505
0.0,0.0
0.0,0.0
13.0,12.214107217737695
0.0,0.0
6.0,6.248186859247849
12.0,12.514813223064946
6.0,6.264447897508188
13.0,12.575291007131895
0.0,0.0
0.0,0.0
0.0,0.0
0.0,0.0
12.0,12.996944580871386
0.0,0.0
0.0,2.41
7.0,6.1656664739976055
0.0,0.0
0.0,0.215
0.0,0.0
6.0,6.362269629065362
13.0,12.266942677820195
13.0,12.542285540685288
0.0,0.0
0.0,0.0
12.0,12.508721683630775
0.0,0.0
12.0,12.547654299454399
0.0,0.0
0.0,0.0
12.0,12.344632280677965
12.0,12.01878661708496
0.0,0.0
14.0,12.482698472586817
0.0,0.0
0.0,0.0
12.0,12.517642427713902
13.0,11.615684399889112
13.0,12.606052102171555
12.0,12.849116998388226
0.0,0.0
0.0,0.0
0.0,0.0
0.0,0.0
12.0,12.543619920012855
12.0,11.605746388831294
12.0,12.288342103019044
0.0,0.0
13.0,12.825947978849552
14.0,12.256559073932602
12.0,12.40350698035682
13.0,12.295215732629924
13.0,12.436559630154273
12.0,12.341511037912214
13.0,12.597613806870811
0.0,0.0
13.0,12.899496270252335
13.0,10.44370138715609
13.0,12.49116680753733
12.0,12.283842074707632
0.0,0.0
13.0,12.538505214916022
0.0,0.0
12.0,4.258211382113821
13.0,12.742043143042242
0.0,0.0
0.0,0.04
0.0,0.0
12.0,12.750553182696997
13.0,12.377827831135058
0.0,0.0
12.0,12.653662156644565
0.0,0.0
7.0,6.973730730358904
0.0,0.0
14.0,12.635459427067248
0.0,0.0
6.0,6.649059750279191
0.0,0.0
12.0,12.407137450612247
0.0,0.0
0.0,0.0
0.0,0.0
14.0,12.479427331915431
0.0,0.0
0.0,0.0
13.0,12.523896777825833
0.0,0.0
0.0,0.0
0.0,0.0
0.0,0.0
0.0,0.0
0.0,0.0
0.0,0.0
0.0,0.0
12.0,12.115568342392105
0.0,0.0
0.0,0.0
0.0,0.0
12.0,12.516716996810349
0.0,0.0
12.0,12.261052640517578
13.0,12.516723965571511
0.0,0.0
0.0,0.0
0.0,0.0
7.0,6.089504556002005
0.0,0.0
2.0,0.34
0.0,0.0
1.0,0.03
0.0,0.0
13.0,12.253370125299362
12.0,12.665095541510418
13.0,12.955483926521906
12.0,11.538495982071545
0.0,2.18
10.0,12.428764782679222
0.0,0.0
0.0,0.0
0.0,0.0
0.0,0.0
0.0,0.0
0.0,2.215
0.0,0.0
13.0,12.306478918373422
0.0,0.0
0.0,0.0
14.0,12.905210876803551
0.0,0.0
12.0,12.508918055742882
13.0,12.533150842213342
1.0,1.14
0.0,0.0
12.0,12.173765423517569
0.0,0.0
0.0,0.0
0.0,0.0
0.0,0.0
13.0,12.51683063360743
13.0,12.228613320672357
0.0,0.0
0.0,0.0
6.0,6.4380997619593465
0.0,0.0
0.0,0.0
12.0,12.47268571527302
0.0,0.0
6.0,6.215791326993234
0.0,0.0
0.0,0.0
0.0,0.0
12.0,11.641049671389624
12.0,9.47
10.0,12.888807965735825
12.0,12.262951373094367
12.0,12.30769523813174
14.0,12.27916956157304
11.0,11.662904501353639
13.0,11.175
13.0,12.223256918152195
0.0,0.0
13.0,11.026507259353153
13.0,12.90465044119131
0.0,0.0
12.0,12.191998445026341
0.0,0.0
0.0,0.0
6.0,6.243363487077432
13.0,12.89094826938894
6.0,6.960321521174085
0.0,0.0
11.0,12.288582594459653
0.0,0.0
0.0,0.0
13.0,12.260089273416984
12.0,12.019337763139365
0.0,0.0
0.0,0.0
0.0,0.0
0.0,1.875
1.0,0.86
0.0,0.0
7.0,6.215355259464889
0.0,0.0
13.0,12.555786476066594
0.0,0.0
0.0,0.0
9.0,12.206688586614757
0.0,0.0
0.0,0.0
0.0,0.0
13.0,12.34060795560793
0.0,0.0
12.0,12.314865484066042
0.0,0.0
0.0,0.0
0.0,0.0
12.0,12.473809374122773
0.0,0.0
0.0,0.0
12.0,12.517433039129592
0.0,0.0
0.0,0.0
13.0,12.7638586461478
0.0,0.0
0.0,0.0
0.0,0.0
0.0,0.0
0.0,0.0
0.0,0.0
0.0,0.0
0.0,0.0
0.0,0.0
13.0,12.617617421382816
0.0,1.666895833333333
0.0,0.0
13.0,11.024204545454545
0.0,0.0
0.0,0.0
12.0,12.493103390860686
12.0,12.64988960908497
0.0,0.0
0.0,0.0
1.0,8.419543325501571
0.0,0.0
0.0,0.0
0.0,0.0
13.0,12.523909752889091
13.0,12.216263784672092
12.0,12.123460129007453
12.0,12.457557210763094
0.0,0.0
0.0,0.0
12.0,12.529240480550765
12.0,12.35154679453843
0.0,0.0
12.0,12.54360282272383
12.0,12.336026191831785
0.0,0.0
14.0,11.590963516768152
12.0,12.503829848870707
13.0,12.290546459248398
0.0,0.0
14.0,12.429284682275094
12.0,12.267953713901234
0.0,0.0
0.0,0.0
14.0,12.240364281108961
0.0,0.0
0.0,0.0
0.0,0.0
12.0,12.414017443751984
12.0,12.665754069348054
6.0,6.598777742116409
12.0,12.341509235706747
12.0,12.47926420891038
12.0,12.471327585878509
0.0,0.0
0.0,0.0
13.0,12.771834224381347
0.0,0.0
0.0,0.0
13.0,13.028722343849246
13.0,12.397769272243714
0.0,0.0
0.0,0.0
14.0,12.540750121854565
14.0,12.292863444882014
13.0,12.569281851592507
12.0,12.39003527406577
6.0,6.147280016919596
0.0,0.0
0.0,0.0
13.0,12.35537805981679
0.0,0.0
7.0,6.366489065311848
14.0,12.65829447770408
13.0,12.616174193950746
12.0,12.337935265342223
0.0,0.0
1.0,0.535
13.0,12.383362121257589
0.0,0.0
0.0,0.0
12.0,12.250236029635603
6.0,6.544229817239695
13.0,12.356637926263375
13.0,13.073929873577606
13.0,12.459733478826202
0.0,1.325
12.0,12.648238818322149
0.0,0.0
0.0,0.0
0.0,0.0
0.0,0.0
0.0,0.0
13.0,13.164427073176688
12.0,12.324307208817318
0.0,0.0
7.0,6.237302631578948
12.0,12.336824074599669
0.0,0.0
6.0,6.183206540234487
7.0,6.19299047467426
12.0,12.548210793830656
12.0,12.451694882452063
0.0,0.0
0.0,0.0
13.0,12.142337258871125
14.0,12.440712754338833
0.0,0.0
0.0,0.0
0.0,0.0
12.0,12.015131060246299
12.0,12.739346499512203
13.0,13.052407170907045
0.0,0.0
0.0,0.0
12.0,12.306722600151593
0.0,0.0
13.0,12.252457265230712
0.0,0.0
0.0,0.0
0.0,0.0
12.0,12.477085423359943
0.0,0.0
12.0,12.162466630186048
12.0,12.080358081315595
0.0,0.0
14.0,12.725853477592931
12.0,12.197818865320318
12.0,12.247832693028004
0.0,0.0
13.0,13.028453480616967
13.0,12.658609938547762
0.0,0.0
0.0,0.0
0.0,0.0
12.0,12.341500364216976
12.0,12.461913913642192
12.0,12.75
0.0,0.0
0.0,0.0
0.0,0.0
0.0,0.0
8.0,12.052932748444528
12.0,12.356257959523226
10.0,12.163813502688061
0.0,7.305
0.0,0.0
12.0,12.315269943693492
13.0,13.01669825174868
0.0,0.0
0.0,0.0
13.0,11.79
13.0,12.310156653574758
13.0,12.39929398727104
0.0,0.0
0.0,0.0
1.0,0.045
12.0,12.352361739171911
7.0,12.205192801790922
0.0,0.0
0.0,0.0
0.0,0.0
12.0,12.275795335985855
12.0,12.494066585642784
0.0,0.0
14.0,12.246987080361764
13.0,12.89458874130773
0.0,0.0
13.0,12.785526361712476
13.0,12.208871989121988
0.0,0.0
0.0,0.0
12.0,12.276135429661174
13.0,12.456090781210282
13.0,12.571037647432654
0.0,0.035
0.0,0.0
13.0,12.580459909286592
0.0,0.105
0.0,0.0
12.0,12.321364492101296
12.0,12.496142041022445
0.0,0.0
13.0,9.875744061852384
0.0,0.0
12.0,12.40056579036148
12.0,12.446892857142856
0.0,0.0
0.0,0.0
0.0,0.0
0.0,0.0
12.0,12.321287848293805
0.0,0.0
0.0,0.0
0.0,0.0
0.0,0.0
0.0,0.0
0.0,0.57
13.0,11.845477883147451
0.0,0.0
13.0,12.422717655085739
14.0,12.4008329667465
0.0,0.065
13.0,12.299542880218233
0.0,0.0
0.0,0.0
0.0,0.0
0.0,0.0
12.0,12.265738151663957
0.0,0.0
12.0,12.13201540610189
0.0,0.0
0.0,0.0
0.0,0.0
12.0,12.623647087948422
12.0,12.279339585685365
13.0,13.027565205627706
0.0,0.0
13.0,12.905595720718289
0.0,0.0
14.0,12.326877366936845
12.0,12.58546399540591
13.0,12.550737340186753
0.0,0.0
0.0,0.0
12.0,12.48470259209331
0.0,1.22
0.0,0.0
12.0,11.671583333333333
10.0,12.39615873639634
0.0,0.665
14.0,12.90646966195056
0.0,0.06
0.0,0.0
13.0,12.513074004637836
0.0,0.0
0.0,0.0
10.0,11.27712976192183
0.0,0.0
0.0,0.0
12.0,12.006767760559832
13.0,12.16
13.0,12.414575869363803
0.0,0.0
13.0,12.245942015327241
12.0,12.18611197027832
0.0,0.0
12.0,12.31907392719463
0.0,0.0
0.0,0.0
0.0,0.0
0.0,0.601
12.0,12.467935523256699
13.0,13.048895649194883
12.0,12.287334581974838
0.0,0.0
0.0,0.0
0.0,0.0
0.0,0.0
13.0,12.6631806953736
13.0,12.534238922277002
13.0,12.890741774956465
13.0,12.184877407209228
0.0,0.0
0.0,0.0
0.0,0.0
13.0,12.892489547316108
12.0,12.61145983629516
0.0,0.0
0.0,0.0
0.0,0.0
0.0,0.0
0.0,0.0
0.0,0.0
13.0,12.572923152345272
12.0,12.616923360953733
0.0,0.0
12.0,12.639203811031669
0.0,0.0
0.0,0.41
0.0,0.0
0.0,0.0
0.0,0.0
9.0,12.187483491187502
6.0,9.743517051422463
10.0,11.744809161716937
12.0,12.496141900780017
0.0,0.01
13.0,12.46946730022658
0.0,0.0
0.0,0.0
13.0,12.583661268245365
0.0,0.0
6.0,6.881113001973039
0.0,0.0
13.0,12.332042155376426
0.0,0.0
0.0,0.0
0.0,0.0
12.0,12.80255228674595
13.0,12.974963890589752
12.0,12.386510608020178
0.0,0.0
0.0,0.0
13.0,12.113127790587988
0.0,0.0
0.0,0.0
0.0,0.0
6.0,6.388140468289931
0.0,0.0
0.0,0.0
12.0,12.736150299781018
12.0,12.238571453258485
12.0,12.89
0.0,0.0
13.0,12.653566040525503
0.0,0.0
0.0,0.0
12.0,12.37588435776152
12.0,12.187205374251343
14.0,12.75838707182005
0.0,0.0
13.0,12.361349547601186
14.0,12.369346195039064
0.0,0.0
0.0,0.0
0.0,0.0
12.0,12.110209729925245
0.0,0.0
0.0,0.0
0.0,0.0
0.0,0.0
0.0,0.0
6.0,6.147476167723617
0.0,0.0
0.0,0.0
13.0,12.40290496539081
0.0,0.0
13.0,12.47613597785671
13.0,12.25618003866575
0.0,0.0
6.0,6.48473706790605
0.0,0.0
0.0,0.0
0.0,0.0
0.0,0.0
0.0,0.0
14.0,12.316068480767978
12.0,12.247985117501983
0.0,4.505
0.0,0.0
0.0,0.0
12.0,12.41923127181558
0.0,0.0
0.0,0.0
0.0,0.0
13.0,12.685309691915077
0.0,0.0
13.0,12.252302249482874
0.0,0.0
12.0,12.481014722868458
13.0,12.708081831762732
0.0,0.0
12.0,12.305244884983363
2.0,11.708254525468396
6.0,6.309002094841676
0.0,0.0
13.0,12.234582582116772
0.0,0.0
13.0,12.25571481286682
0.0,0.0
13.0,12.181374364385617
0.0,0.0
0.0,0.0
13.0,12.007624596397731
12.0,12.453897577423815
13.0,12.30185301564567
13.0,12.83116365613247
0.0,0.0
0.0,0.0
12.0,12.086453519562333
0.0,0.0
13.0,12.677340238872814
13.0,12.402070858865697
12.0,12.102168764779524
0.0,0.0
0.0,0.0
0.0,0.0
0.0,0.0
12.0,12.37997235122579
0.0,0.0
0.0,0.0
0.0,0.0
14.0,12.399990495240779
0.0,0.06
0.0,0.0
12.0,12.362437054136185
6.0,9.665166666666668
13.0,12.251731924319625
0.0,0.0
0.0,0.0
12.0,12.40960382923414
12.0,12.406436426632718
0.0,0.0
0.0,0.0
12.0,12.249238913936521
14.0,12.441718784355217
12.0,12.503596693813488
12.0,12.257888148607961
0.0,0.0
0.0,0.0
0.0,0.0
7.0,6.153680533365562
12.0,12.320854022572517
0.0,0.0
0.0,0.0
9.0,12.18667008615168
0.0,0.0
12.0,12.771417882957646
0.0,0.0
0.0,0.0
12.0,12.224648737024836
0.0,0.0
12.0,12.279552381011545
13.0,12.936523307289203
0.0,0.0
12.0,12.33113194341
14.0,12.165022448252687
12.0,11.686716903122552
0.0,0.0
0.0,0.0
0.0,0.0
0.0,0.0
0.0,0.0
0.0,0.0
13.0,12.55675514413324
12.0,12.428678527951677
12.0,12.292094693222914
13.0,12.520517857142856
0.0,0.0
12.0,12.880508865095406
13.0,12.326595316765786
14.0,11.795833333333334
13.0,12.267413882002849
0.0,0.0
0.0,0.0
13.0,11.997573891229955
0.0,0.0
12.0,12.4051733678446
0.0,0.0
13.0,12.26614010989011
0.0,0.0
14.0,12.483789265444946
12.0,12.434469159268438
0.0,0.0
12.0,12.533119331838396
0.0,0.0
13.0,13.362135797120839
0.0,0.0
13.0,12.648220086276847
0.0,0.0
0.0,0.0
0.0,0.0
6.0,6.833037228336002
0.0,0.0
0.0,0.0
0.0,0.0
12.0,12.363950021442355
0.0,0.0
0.0,0.0
0.0,0.0
13.0,12.864095882541173
0.0,0.0
12.0,12.164397931352532
0.0,0.0
13.0,12.932076799756064
12.0,12.52452061631347
13.0,12.487273512119671
12.0,11.992574922222472
6.0,5.926666666666668
12.0,12.477137939667339
12.0,13.152902785515804
0.0,0.0
0.0,0.0
12.0,12.599050901987768
12.0,12.353474269722334
2.0,2.6460000000000004
0.0,0.0
0.0,0.0
0.0,0.0
13.0,12.354955880635803
0.0,0.0
0.0,0.0
12.0,13.23410444475516
12.0,12.042730298774849
12.0,12.518003626203893
0.0,0.0
0.0,0.0
13.0,12.390001859331159
0.0,0.0
0.0,0.0
0.0,0.0
0.0,0.0
12.0,12.314385456615138
12.0,12.380625
0.0,0.0
0.0,0.0
0.0,0.0
14.0,12.351793418260813
12.0,12.381831866420141
13.0,12.233649799985601
12.0,12.321927837212938
13.0,11.01757142857143
0.0,0.0
0.0,0.0
0.0,0.0
0.0,0.0
13.0,12.993013911879933
0.0,0.0
0.0,0.0
0.0,0.0
0.0,0.0
12.0,12.357371858586443
0.0,0.0
0.0,0.0
13.0,12.717136010510737
0.0,0.0
14.0,12.249109592339046
0.0,0.0
0.0,0.0
13.0,12.48316124775326
0.0,0.0
12.0,12.580065327823378
12.0,12.46137235673229
12.0,12.248923071036316
12.0,12.468278746314136
14.0,12.417190864695314
13.0,12.289669926775169
0.0,0.0
12.0,12.207030891719661
0.0,0.0
12.0,12.758308316813487
0.0,0.0
1.0,1.135
0.0,0.0
0.0,0.0
12.0,12.120053043596434
0.0,0.0
0.0,0.0
0.0,0.535
0.0,0.0
0.0,0.0
0.0,0.0
0.0,0.0
0.0,0.0
0.0,0.0
12.0,12.452323948511882
1.0,0.415
0.0,0.0
0.0,0.0
0.0,0.0
0.0,0.01
0.0,0.0
12.0,12.882118575281991
0.0,0.0
0.0,0.0
0.0,0.0
12.0,12.56357770822308
12.0,12.52113930294525
6.0,8.030384615384616
13.0,12.984626847870945
0.0,0.0
13.0,12.883767704501807
0.0,0.0
12.0,12.324942229167286
0.0,0.0
0.0,0.0
0.0,0.095
0.0,0.0
13.0,12.36644813989814
13.0,12.41416218386573
0.0,0.0
12.0,12.565628424329596
6.0,5.65
0.0,0.0
0.0,0.745
13.0,12.39645375226514
0.0,0.07
6.0,6.302531204618287
12.0,12.795982523749032
0.0,0.0
0.0,0.0
12.0,12.379624078805508
0.0,0.0
0.0,0.0
13.0,12.251363006662903
13.0,12.173534526471657
12.0,12.282694308469308
0.0,0.0
0.0,0.0
6.0,5.211871543489191
2.0,8.815696822217483
7.0,7.02
0.0,0.0
0.0,0.0
12.0,12.845295325276837
12.0,12.39067451762283
0.0,0.0
0.0,0.0
7.0,6.4276763894715065
0.0,0.0
12.0,13.126221079482175
13.0,12.381222708953258
14.0,12.615897238467678
12.0,12.639535749703358
14.0,12.462585870979275
0.0,0.795
14.0,13.041148922373138
0.0,0.0
12.0,13.070186927354536
0.0,0.0
0.0,0.0
0.0,0.0
0.0,0.0
13.0,12.238536373015144
0.0,0.0
0.0,0.0
0.0,0.0
6.0,6.1406614401831385
8.0,6.396673858645301
6.0,6.097184124672664
13.0,12.976142400228088
0.0,1.436327868852459
12.0,12.414890178486457
13.0,11.426994473636242
0.0,0.0
7.0,6.808519542517133
12.0,12.121055091818393
13.0,12.173979329817218
12.0,12.427358359707942
0.0,0.0
12.0,11.996371208875019
0.0,0.0
13.0,12.507174832112332
0.0,0.0
12.0,12.015938080656278
13.0,12.436222726398903
11.0,12.355360075534634
13.0,12.640645729671755
12.0,12.19621959396138
0.0,0.0
0.0,0.0
12.0,12.179444841361606
14.0,12.177627749742621
13.0,12.639156056967066
12.0,12.495073868341803
0.0,0.0
0.0,0.0
0.0,0.0
0.0,0.0
12.0,12.459034676872829
13.0,12.480536674367944
12.0,12.065954545454545
12.0,12.620365247882457
13.0,12.103314180248525
13.0,12.06687221960374
2.0,0.405
0.0,0.0
0.0,0.0
13.0,12.182865037782955
13.0,12.430600274162007
13.0,12.706542151707913
0.0,0.0
12.0,12.110315000744974
0.0,0.935
6.0,6.203688211198324
0.0,0.0
12.0,12.026729260935145
12.0,12.623104591064271
0.0,0.045
0.0,0.0
12.0,12.807027787375835
0.0,0.0
13.0,12.891050288890384
0.0,0.0
12.0,12.508996715135638
7.0,5.996917989417989
0.0,0.0
13.0,13.097169300699122
0.0,0.0
13.0,13.196502069683977
0.0,0.095
14.0,12.85629458699489
12.0,12.254347827057066
13.0,12.396935724415233
0.0,0.0
0.0,0.0
0.0,0.0
12.0,12.131736550285463
0.0,0.0
6.0,9.165
13.0,12.330745826698621
0.0,0.0
13.0,13.034844185338581
0.0,0.0
12.0,12.38415030986315
12.0,12.18888695467127
0.0,0.005
12.0,12.798436213832485
0.0,0.0
12.0,12.276210317460318
12.0,12.266708838101097
13.0,12.669283118960044
13.0,12.256637722775704
12.0,12.19
12.0,12.561632713490548
6.0,6.831443038961226
0.0,0.0
12.0,12.733355167510059
14.0,12.664201514073241
0.0,0.0
0.0,0.0
0.0,0.0
0.0,0.0
0.0,0.18
12.0,12.498203222795441
13.0,12.909703105809381
0.0,0.0
12.0,12.382446255641755
0.0,0.0
0.0,0.0
0.0,0.0
13.0,12.723783124183647
13.0,13.175904990690697
12.0,12.316035491908323
14.0,12.401689820858437
0.0,0.0
13.0,12.72421423735871
0.0,0.0
0.0,0.0
12.0,12.38992711532138
12.0,12.461769828293416
0.0,0.0
12.0,12.37364440704476
0.0,0.0
12.0,12.843047579106713
0.0,0.0
0.0,0.0
12.0,12.70001998933902
0.0,0.0
0.0,0.0
12.0,9.349
12.0,12.840437170498666
13.0,12.84765061609284
0.0,0.0
12.0,12.541341833113371
0.0,0.0
14.0,12.391793480342107
0.0,0.0
12.0,12.646294958504322
12.0,12.561249633564751
0.0,0.055
12.0,12.01
13.0,12.706144916963371
12.0,12.510196786455218
12.0,12.420155020124216
0.0,0.0
0.0,0.03
0.0,0.0
13.0,12.575461299615592
13.0,12.803099233671482
12.0,12.465615678991153
13.0,12.536451182459578
0.0,0.0
14.0,12.271894521111
0.0,0.0
0.0,0.0
0.0,0.0
0.0,0.0
0.0,0.0
12.0,12.552322495285544
13.0,13.041913693519467
12.0,12.121822691082762
13.0,9.169545454545455
13.0,12.1650598992765
12.0,12.2412291761712
0.0,0.0
0.0,0.0
0.0,0.0
12.0,11.9555521512766
12.0,12.01878661708496
12.0,12.417822871572872
0.0,0.0
0.0,0.0
0.0,0.0
1.0,1.0266666666666666
7.0,6.029045721509667
14.0,12.4050641778525
15.0,12.037800259405419
0.0,0.0
13.0,12.711115495615495
12.0,12.56715315377269
0.0,0.0
0.0,0.0
12.0,12.352371768528892
0.0,0.0
0.0,0.0
12.0,12.659362326676728
13.0,12.26444332303708
0.0,0.0
12.0,12.50017281213118
13.0,12.676425340750388
0.0,0.0
12.0,12.408604316074893
14.0,12.065113543543282
0.0,0.0
0.0,0.0
0.0,0.035
0.0,0.0
0.0,0.0
0.0,0.0
12.0,11.518499164578113
0.0,0.0
14.0,12.677170255183412
12.0,12.78172523434549
12.0,11.021500000000001
12.0,12.355231370620647
0.0,0.0
0.0,0.0
12.0,12.395500342813875
0.0,0.0
13.0,11.91577566850035
13.0,12.290916666666668
12.0,12.35012377325939
0.0,0.0
13.0,12.613380316759622
12.0,12.160021592530287
13.0,12.488692522819747
0.0,0.0
0.0,0.0
0.0,0.005
12.0,12.445510839990392
13.0,11.977291666666668
14.0,12.39295077155425
13.0,12.606789665205246
13.0,12.47816771099002
13.0,12.629767015818613
0.0,0.0
12.0,12.419481359102509
6.0,6.213232026388595
0.0,0.0
12.0,12.71069491573993
13.0,12.527804935492874
0.0,0.0
0.0,4.25
0.0,0.0
13.0,12.30019863942852
0.0,0.0
14.0,12.535301408858686
0.0,0.0
0.0,0.0
0.0,0.0
0.0,0.0
0.0,0.0
12.0,12.479691089206728
0.0,0.0
0.0,0.0
0.0,0.0
12.0,12.310559475271209
13.0,12.989624501465785
0.0,0.0
13.0,12.525803620073305
14.0,12.573446075736364
0.0,0.0
12.0,12.250486229879996
0.0,0.0
6.0,6.278174091705624
0.0,0.0
13.0,12.035232625013588
0.0,0.69
12.0,12.347552976684034
13.0,12.958149852054328
0.0,0.0
13.0,12.140329627000222
0.0,0.0
0.0,0.0
0.0,0.0
12.0,12.340067374081297
0.0,0.0
6.0,6.500702656694097
0.0,0.0
0.0,0.0
0.0,0.01
14.0,13.028159734883305
12.0,11.865950266071682
12.0,12.110616512011484
0.0,0.0
0.0,0.0
13.0,12.629117522974434
12.0,12.231929389596376
0.0,0.0
13.0,12.76350577244025
13.0,12.484820873711449
0.0,0.0
12.0,12.000354126862966
13.0,12.122601392469813
12.0,12.23741199008339
12.0,12.166832777250542
0.0,0.0
3.0,3.9637474856270867
7.0,6.0720100068144145
13.0,12.434048123751168
12.0,12.391689696979508
12.0,12.75742231373048
0.0,0.0
0.0,0.0
0.0,0.0
0.0,0.0
0.0,0.0
0.0,0.0
15.0,12.525719384223056
8.0,5.755793881195181
12.0,12.251137963112962
14.0,12.768443610692083
0.0,0.0
13.0,12.413798387636438
0.0,0.0
13.0,11.892753979498567
0.0,0.0
0.0,0.0
12.0,12.353926587623633
0.0,0.0
0.0,0.0
13.0,12.858897441820831
13.0,12.381069624501558
0.0,0.0
0.0,0.0
0.0,0.0
0.0,0.0
0.0,0.0
0.0,0.0
0.0,0.0
13.0,12.603709607444332
0.0,0.0
0.0,0.0
13.0,12.79559837659352
13.0,12.522103571581923
0.0,0.0
0.0,0.0
7.0,6.671802099946838
0.0,0.0
0.0,0.06
12.0,12.990172949251946
0.0,0.0
12.0,12.033749782453274
7.0,6.379818043659233
13.0,12.52246724551241
14.0,12.758412878787878
0.0,0.0
0.0,0.0
0.0,0.01
12.0,12.584576886131208
0.0,0.0
12.0,12.508290540337747
13.0,12.509659642260763
6.0,6.845303592167462
0.0,0.0
14.0,12.175557755248567
0.0,0.0
12.0,12.150542540971731
0.0,0.0
0.0,0.0
0.0,0.0
0.0,0.0
0.0,0.0
12.0,12.325209303077276
0.0,0.0
6.0,6.082087128155511
13.0,12.264371018706585
0.0,0.15
12.0,12.386023936517283
0.0,2.45
12.0,11.330830684152437
0.0,0.0
12.0,12.502396608424842
0.0,0.42
0.0,0.0
0.0,0.0
0.0,0.0
0.0,0.0
0.0,0.0
0.0,0.0
12.0,12.809951035988432
0.0,0.0
0.0,0.0
14.0,12.745415165250652
12.0,12.356924876036505
0.0,0.0
13.0,11.707753731705234
6.0,6.331322415741808
12.0,12.484563232896495
12.0,12.375657646537167
0.0,0.0
0.0,0.14
0.0,0.0
12.0,12.319261571761572
0.0,0.0
14.0,12.34261995797042
0.0,0.0
0.0,0.0
13.0,12.451145088056386
0.0,0.0
13.0,12.389346104022001
0.0,0.0
0.0,0.0
12.0,12.249781432635691
14.0,13.084594200954012
12.0,12.425583333333334
0.0,0.0
12.0,12.806162883005575
0.0,0.0
13.0,12.361772145337092
0.0,3.99
12.0,12.365703447403478
13.0,12.048777607066299
0.0,0.29
12.0,12.451558196683191
12.0,12.519275618070983
0.0,0.0
12.0,12.283756975193883
13.0,12.372639131937643
0.0,0.0
0.0,0.0
13.0,13.077469712828464
0.0,0.0
0.0,0.0
0.0,0.0
0.0,0.0
12.0,12.577099372436617
0.0,0.95
14.0,12.596077758724313
0.0,0.0
0.0,0.0
0.0,0.0
12.0,12.668776912102352
13.0,10.566107861567698
0.0,0.0
0.0,0.0
12.0,12.47977643659964
12.0,12.709309297259226
0.0,0.0
0.0,0.0
10.0,12.367770638303005
0.0,0.0
12.0,12.201401608776157
12.0,12.358355767525754
12.0,12.022727272727273
12.0,13.049902112246496
13.0,12.400498247200977
14.0,12.22104872455656
0.0,0.0
0.0,0.0
14.0,12.464329062741863
7.0,6.315324247851249
0.0,0.0
0.0,0.0
13.0,12.344367010471224
13.0,12.256175281384206
0.0,0.0
0.0,0.0
0.0,0.0
14.0,12.224561767714569
0.0,0.0
0.0,0.0
13.0,12.205
0.0,0.0
6.0,6.38379554187609
0.0,0.0
0.0,0.0
10.0,11.558284647910495
0.0,0.0
12.0,12.311534991332872
0.0,0.0
0.0,0.0
12.0,12.72636935989363
0.0,0.0
12.0,12.335464643246333
13.0,11.62148237179487
12.0,12.324689233964946
13.0,12.904693349702153
0.0,0.0
13.0,12.6261318459707
0.0,0.0
0.0,0.0
12.0,12.632694246913962
0.0,0.0
0.0,0.0
0.0,0.0
12.0,12.986510449880747
13.0,12.221377569945624
12.0,12.659904353731038
0.0,0.0
12.0,12.364806722732746
0.0,0.0
0.0,0.0
13.0,12.853482088524546
0.0,0.0
12.0,12.958483516483517
15.0,13.146230345741214
0.0,0.0
0.0,0.0
0.0,0.0
12.0,12.23
0.0,0.0
13.0,12.449010687735578
0.0,0.0
12.0,12.918007610418375
0.0,0.11
0.0,0.0
12.0,12.59630614976238
1.0,0.0
12.0,8.896091347022782
12.0,12.440027928428094
12.0,12.394115468765238
12.0,12.281170664909109
0.0,0.0
6.0,6.40499330209914
0.0,0.7971233374340322
12.0,12.381860213378848
0.0,0.0
0.0,0.0
0.0,0.0
0.0,0.0
13.0,12.405428599944662
0.0,0.0
12.0,12.666247489790543
12.0,12.003874596397731
12.0,12.813031986798315
0.0,0.0
0.0,0.0
0.0,0.0
12.0,12.460362274717772
12.0,10.611016088931908
0.0,0.0
0.0,0.0
0.0,0.0
12.0,12.195697872759757
12.0,12.025060662866968
12.0,12.364006394355368
0.0,0.0
0.0,0.0
12.0,11.846930054531155
0.0,0.0
0.0,0.0
13.0,12.236418898465946
13.0,11.847904375780056
0.0,0.99
0.0,0.0
13.0,12.561428937928195
0.0,0.765
13.0,12.256421356255522
0.0,0.0
13.0,12.502472304075463
12.0,12.176624949487946
0.0,0.0
12.0,12.33833429852843
12.0,12.065304394400899
0.0,0.0
0.0,0.0
0.0,0.0
0.0,0.0
12.0,12.052194697083364
10.0,13.511648841354722
0.0,0.0
13.0,12.690879684748547
13.0,12.143375865268636
0.0,0.0
13.0,12.432645347368455
0.0,0.0
12.0,13.084423709725188
0.0,1.405
13.0,12.723846932823838
6.0,6.3122691946693745
12.0,12.332573469246189
0.0,1.28
0.0,0.0
0.0,0.0
0.0,0.115
13.0,12.831157116767365
0.0,0.0
0.0,0.0
0.0,0.0
0.0,0.0
0.0,0.0
7.0,7.83
0.0,0.0
0.0,0.03
13.0,12.296053932481229
7.0,6.589686464913463
12.0,12.365520624413115
0.0,0.0
0.0,0.0
0.0,2.885
0.0,0.0
14.0,12.454788655508592
0.0,0.0
0.0,0.0
0.0,0.0
0.0,0.06
12.0,12.976735846332927
9.0,6.303333333333333
0.0,0.0
6.0,6.353237223955789
0.0,0.0
14.0,12.791470860019176
14.0,12.509323811983641
0.0,0.0
0.0,0.0
13.0,12.180906899711214
0.0,0.0
0.0,0.0
0.0,0.0
13.0,12.263570473019474
0.0,0.0
14.0,12.38613094668625
12.0,12.706724853399592
12.0,12.568437866470058
0.0,0.0
0.0,0.0
0.0,0.0
12.0,12.131983573473006
14.0,12.242276918243201
0.0,0.0
0.0,0.0
0.0,0.075
13.0,11.888507755091714
0.0,0.0
0.0,0.0
14.0,12.51661111111111
0.0,0.285
0.0,0.0
0.0,0.0
6.0,6.661504171269594
12.0,12.19766006334033
13.0,12.512202685840633
12.0,8.371321548821548
0.0,0.0
6.0,1.71
0.0,0.0
13.0,12.416082324841586
0.0,0.0
0.0,0.0
0.0,0.0
6.0,6.129633315182662
0.0,0.0
0.0,0.0
0.0,0.0
12.0,12.621507282028563
0.0,0.0
0.0,0.0
14.0,12.333905583650447
12.0,12.327785579305464
0.0,0.0
0.0,0.0
12.0,13.05754662471049
13.0,12.868889848180988
0.0,0.0
14.0,12.493964685916938
12.0,12.981224974401584
10.0,12.678745548413215
12.0,12.485301900650063
0.0,0.0
12.0,12.736782727360753
0.0,0.0
12.0,12.329309848300557
12.0,12.737411708994467
13.0,13.135210757721373
12.0,11.97745050610874
0.0,0.0
12.0,12.338788651531122
0.0,0.0
0.0,0.0
0.0,0.0
13.0,12.949173173799005
0.0,0.0
0.0,0.0
14.0,12.564041020933841
0.0,0.0
13.0,12.895801749869388
0.0,0.0
12.0,12.827465574402003
0.0,0.0
0.0,0.0
0.0,0.0
12.0,12.554850239542192
0.0,0.0
11.0,12.409834686828155
0.0,0.0
13.0,12.334265335030757
13.0,12.307051252760957
12.0,11.33
0.0,0.0
0.0,0.0
0.0,0.0
0.0,0.0
0.0,0.0
13.0,12.662159349048922
12.0,12.973325175011759
12.0,12.91759717714449
13.0,12.70572041976809
12.0,10.36125
0.0,0.0
0.0,0.0
12.0,12.49450260882009
12.0,12.83073797196149
0.0,0.0
0.0,0.0
14.0,9.075
13.0,12.498432888151553
0.0,0.0
0.0,0.0
13.0,12.77
0.0,0.0
12.0,12.878566017316018
13.0,11.783471482162
12.0,12.214695993194198
0.0,0.0
0.0,0.0
12.0,10.38
0.0,0.0
13.0,12.645634255103573
0.0,0.0
0.0,0.0
0.0,0.0
0.0,0.0
12.0,12.09974025974026
0.0,0.0
12.0,12.387086875532372
12.0,12.258608444974419
0.0,0.0
12.0,11.8675
0.0,0.0
0.0,0.0
1.0,0.755
12.0,12.587982220869465
11.0,11.435458333333333
6.0,6.199877555028301
14.0,12.755818212349457
12.0,11.869769979783934
0.0,0.005
0.0,0.0
13.0,12.249547508859683
0.0,0.0
12.0,12.402632817592371
14.0,12.282747491631246
14.0,12.756960823147413
0.0,0.0
0.0,0.0
12.0,12.227958231111808
0.0,0.0
14.0,12.33867671101045
13.0,12.161835382690532
6.0,7.262869910282953
0.0,0.0
0.0,0.0
6.0,7.1774360863567095
12.0,12.23296493068021
13.0,12.265671583524375
14.0,12.009541186069741
0.0,0.01
0.0,0.0
14.0,12.665
0.0,0.0
0.0,0.0
11.0,12.512653300892588
0.0,0.0
13.0,13.10786707673955
12.0,12.370501608483615
0.0,0.0
12.0,12.415519299138396
0.0,0.0
0.0,0.0
0.0,0.0
13.0,12.31018989362991
0.0,0.0
0.0,0.045
12.0,10.763076923076923
0.0,0.0
0.0,0.0
0.0,0.0
0.0,0.0
0.0,4.84
0.0,0.0
13.0,12.223215752146775
12.0,11.62776536082398
13.0,10.3
12.0,12.151116823623294
0.0,0.0
0.0,0.0
6.0,6.699518590202064
13.0,12.133654927393247
6.0,6.68177640812611
13.0,12.540923523327749
6.0,6.723559590647155
12.0,12.374069238318052
0.0,2.055
0.0,0.0
0.0,0.0
0.0,0.0
0.0,0.0
0.0,0.0
12.0,12.950536908054403
0.0,0.0
13.0,12.97504894363477
0.0,0.0
12.0,11.204669107601328
0.0,0.0
0.0,0.21
0.0,0.0
0.0,0.0
13.0,12.222289380011219
12.0,12.833983696297729
0.0,0.0
13.0,12.380863709292287
12.0,12.381121400711741
13.0,12.023578431372549
12.0,11.97
12.0,12.80098672288603
0.0,0.0
0.0,0.0
0.0,0.0
0.0,0.0
0.0,0.0
0.0,0.0
0.0,0.0
0.0,0.0
12.0,12.399008086474119
13.0,12.884091933003193
0.0,0.0
0.0,0.0
0.0,0.0
12.0,12.3635836485016
0.0,0.0
0.0,0.0
0.0,0.0
13.0,12.979288606492226
10.0,11.449992541221066
13.0,12.827956209969486
12.0,12.34471829999616
0.0,0.0
0.0,0.0
6.0,6.895619217331717
12.0,12.669140128223551
0.0,0.0
0.0,0.0
14.0,12.230992998278674
12.0,12.45661111111111
0.0,0.0
7.0,4.320384615384615
13.0,13.003856364449527
0.0,0.0
0.0,0.0
12.0,12.245468429652542
0.0,0.0
0.0,0.005
12.0,12.251537957214772
12.0,12.333338062892159
0.0,0.0
13.33333333,12.247249969365408
12.0,12.989946604486606
13.0,12.313605640467024
0.0,0.0
6.0,6.272500617251758
12.0,12.404538326923223
0.0,0.0
7.0,6.063943497328435
13.0,12.39213855299268
12.0,12.581272238613137
12.0,12.49521093479882
14.0,12.128366563462144
0.0,0.0
0.0,0.0
8.0,12.545308740158061
0.0,1.245
13.0,12.418521101013653
13.0,12.374320436568114
12.0,12.092913065688812
0.0,0.0
12.0,12.507395158092429
0.0,0.06
0.0,0.0
0.0,0.0
0.0,0.0
12.0,12.458704454816871
0.0,0.0
7.0,6.2727253318201495
12.0,12.600506058019635
13.0,12.951788634004526
13.0,12.942757277731047
0.0,0.0
0.0,0.0
13.0,12.635575656338133
0.0,0.0
13.0,12.925703502415459
12.0,12.743140442890445
13.0,13.381549346637934
6.0,6.194629005531978
0.0,0.0
0.0,0.0
0.0,0.0
12.0,11.69
0.0,0.0
0.0,0.0
0.0,0.0
0.0,0.0
0.0,0.0
0.0,0.0
12.0,12.005124596397732
12.0,12.40751384878904
0.0,0.0
12.0,12.319601158035587
0.0,0.0
0.0,0.0
0.0,0.0
7.0,8.592598963550007
0.0,0.0
14.0,12.235465549458892
0.0,0.0
12.0,12.385764982951335
0.0,0.0
12.0,7.9783333333333335
14.0,12.471112301435726
12.0,12.35092630783678
7.0,6.765017244767245
0.0,0.0
12.0,12.168804183464673
12.0,12.260689219905935
0.0,0.0
0.0,0.0
14.0,12.634011259503843
0.0,0.0
0.0,0.0
14.0,12.371892340048687
0.0,0.0
13.0,12.362082548489047
0.0,0.0
0.0,0.0
12.0,12.337532826933325
0.0,0.0
13.0,12.62089466089466
0.0,0.0
0.0,0.0
12.0,12.681551511251833
13.0,12.827818103420823
0.0,0.0
12.0,12.935
0.0,0.0
12.0,12.545125611065403
12.0,11.783597877415398
0.0,0.0
12.0,10.635
13.0,11.791175593084356
12.0,12.01878661708496
12.0,12.290696796901482
0.0,0.0
0.0,0.0
0.0,0.0
0.0,0.0
6.0,4.26
13.0,12.660558867417235
13.0,12.311469378759334
12.0,11.3958095952024
0.0,0.0
0.0,0.0
0.0,0.0
12.0,11.811819940476228
0.0,0.0
12.0,12.569105468012289
0.0,0.0
0.0,0.0
12.0,12.28507142857143
14.0,12.631541278272744
13.0,12.578376164055637
0.0,0.0
12.0,11.829211123921322
0.0,0.0
13.0,12.226098778684507
12.0,12.437505920575784
12.0,12.329776493611213
0.0,0.0
0.0,0.0
0.0,0.0
0.0,0.0
12.0,12.354864023071373
0.0,11.4772239010989
0.0,0.0
0.0,0.0
0.0,0.0
13.0,12.753050211646134
12.0,12.17949074873934
0.0,0.0
12.0,12.658191342365383
0.0,0.0
0.0,0.0
13.0,12.895533100800028
0.0,0.0
13.0,12.85808190274332
12.0,12.24774678579905
14.0,12.151665931490143
0.0,0.0
0.0,0.0
0.0,10.564115769496205
1.0,5.625
15.0,12.761002033397961
13.0,12.230415911701185
0.0,0.0
0.0,0.0
0.0,0.0
12.0,12.903805164767693
0.0,0.0
0.0,1.3
13.0,13.079358759004492
0.0,0.065
12.0,12.034678526857936
13.0,11.862066761559559
13.0,11.954183557179851
0.0,0.0
12.0,12.296649643537412
12.0,12.17428705110671
0.0,0.0
0.0,6.22
13.0,12.214965415913815
12.0,12.223761258785014
2.0,1.875
13.0,12.551647605523671
12.0,13.040521897220426
0.0,0.06
12.0,12.98664776739614
0.0,0.0
0.0,0.0
14.0,12.307586385665683
12.0,12.606378552965303
12.0,12.433442051906987
9.0,12.457751151872536
0.0,0.0
12.0,12.056308724832215
0.0,0.0
12.0,12.252652222737739
0.0,0.0
13.0,12.823244925283886
0.0,0.0
7.0,8.526505785144083
0.0,0.0
12.0,12.501838052640013
0.0,0.0
14.0,12.361946858303522
0.0,0.0
0.0,0.0
13.0,12.332419396074668
0.0,0.0
13.0,12.513052250695074
10.0,6.8846856392364115
0.0,0.0
0.0,0.0
0.0,0.0
7.0,6.222524608987649
13.0,12.160959141247428
12.0,12.232421874429527
0.0,0.0
14.0,12.478441108230276
12.0,12.959994892663529
12.0,11.822441564026622
12.0,12.493225212967179
0.0,0.0
0.0,0.0
0.0,0.0
12.0,11.92011659047443
0.0,0.0
0.0,0.0
0.0,0.0
6.0,5.825
14.0,12.826039872667
0.0,0.14
0.0,0.0
12.0,12.226216822277493
12.0,12.416029145043794
10.0,12.189772089710475
12.0,12.223964844423612
0.0,0.0
12.0,12.843118714032657
12.0,12.253932025394011
12.0,12.306325101873494
0.0,0.0
0.0,0.0
0.0,0.0
8.0,12.14549761904762
0.0,0.0
12.0,11.772997957644314
12.0,12.216139055678973
12.0,12.160444119795779
0.0,0.0
0.0,0.0
13.0,12.646209153082394
0.0,0.0
0.0,0.0
6.0,6.156860327285618
12.0,12.594830373022928
0.0,0.0
0.0,0.0
11.0,12.537348860213466
0.0,0.0
12.0,10.817291879902752
12.0,12.570703636990464
13.0,12.289397448733341
0.0,0.0
13.0,12.373058845607227
8.0,12.698319514569512
0.0,0.0
0.0,0.0
13.0,12.810931189596545
13.0,12.85779413139748
0.0,0.0
0.0,0.0
0.0,0.0
14.0,11.046127450980393
0.0,0.25
0.0,0.0
12.0,12.270727964724344
12.0,12.868033683337215
0.0,0.0
13.0,12.483866422607512
0.0,0.0
12.0,12.30319010808592
0.0,0.0
0.0,0.0
13.0,12.679487936396749
0.0,0.0
7.0,6.245674242424243
0.0,0.0
12.0,12.198796973711797
12.0,12.896229166418813
12.0,11.938181347267404
0.0,0.0
0.0,1.745
0.0,0.0
12.0,12.411235975135975
0.0,0.0
13.0,12.372632358410792
14.0,12.861871781275836
12.0,12.282929783425077
0.0,1.545
0.0,0.0
0.0,0.0
13.0,12.173250147450155
0.0,0.0
12.0,12.320593875134469
13.0,12.561648071789204
0.0,0.0
0.0,0.0
13.0,12.339323426395357
13.0,12.416751847302917
13.0,13.364155629561546
12.0,12.378183194884025
0.0,0.0
0.0,0.0
0.0,0.0
12.0,12.455250985156407
12.0,12.543372584630319
0.0,0.0
12.0,12.199635718315577
0.0,0.0
13.0,12.54012191658996
13.0,12.717300635683202
0.0,0.0
12.0,12.215557823981678
12.0,12.278364218345358
0.0,0.0
0.0,0.0
12.0,12.525129875449831
13.0,12.522540614847744
0.0,0.0
13.0,10.46008557527942
0.0,0.0
12.0,12.408909832618901
13.0,12.473566238579345
0.0,0.0
0.0,0.0
12.0,12.249559443156752
12.0,12.442229932895103
12.0,12.583245748241644
0.0,0.0
7.0,6.426970527281452
12.0,12.385830649048543
0.0,0.0
0.0,0.0
1.0,1.185
0.0,0.0
0.0,0.0
0.0,0.0
13.0,12.672886612267455
13.0,12.841162346860981
0.0,0.0
14.0,12.94397825784091
12.0,12.203074800498506
0.0,0.0
13.0,12.838181480088327
0.0,0.0
12.0,11.983665616059609
0.0,0.01
12.0,12.409951394195984
0.0,0.13
0.0,0.0
13.0,12.291373052139452
13.0,11.468395918503283
0.0,0.0
0.0,0.0
12.0,12.469038946235882
12.0,12.40653847651173
0.0,0.0
0.0,0.0
13.0,12.563110656037345
0.0,0.0
12.0,12.05552392051406
0.0,0.0
8.0,7.7
0.0,0.0
0.0,0.0
0.0,0.0
12.0,12.12120032984941
12.0,12.105
0.0,0.0
12.0,12.568700706580403
0.0,0.0
0.0,0.005
0.0,0.0
0.0,0.0
0.0,0.0
0.0,0.0
12.0,12.399859565720572
12.0,12.258901719145177
0.0,0.0
0.0,0.0
12.0,12.465146141613785
0.0,0.0
13.0,12.335753618075117
12.0,12.455304609029104
12.0,12.127084671423027
0.0,0.0
0.0,0.0
13.0,12.321017016368387
8.0,11.28267817791061
0.0,0.0
0.0,0.0
0.0,0.0
0.0,0.0
0.0,0.0
13.0,12.410031630376233
0.0,0.0
12.0,12.50403150707905
0.0,0.0
12.0,12.182949507220242
12.0,12.16928456731202
0.0,0.0
6.0,6.238569071535114
0.0,0.0
14.0,12.323310637439029
12.0,12.182642962454814
0.0,0.0
11.0,12.470042505639102
0.0,1.12
0.0,0.0
12.0,12.407499179336163
0.0,2.725
0.0,0.0
12.0,12.474549428473406
13.0,12.650593104052273
13.0,12.262303213417956
10.0,11.122038994639599
13.0,13.107508547008546
0.0,0.0
0.0,0.0
12.0,12.410597034657567
0.0,0.0
13.0,12.655527146643779
0.0,0.0
12.0,12.568323780895422
0.0,0.0
0.0,1.22
0.0,0.0
13.0,11.930816174135797
13.0,12.404451585373327
13.0,12.487828699473557
0.0,0.0
0.0,0.0
0.0,0.0
0.0,0.0
14.0,12.79328975005565
0.0,0.0
12.0,12.201661312544674
0.0,0.0
13.0,12.817881993006992
13.0,12.231223280204452
12.0,11.785
1.0,12.71248546031712
0.0,0.0
12.0,12.31185724267776
13.0,12.354014622711297
0.0,0.015
0.0,0.0
12.0,11.48365090708483
0.0,0.0
12.0,12.454159487917964
0.0,0.0
0.0,0.0
0.0,0.0
0.0,0.0
12.0,12.693659708513273
0.0,0.0
0.0,0.0
0.0,0.0
0.0,0.0
0.0,0.0
13.0,12.524505789490906
0.0,0.0
0.0,0.0
14.0,12.584829412241897
0.0,0.0
13.0,13.092731207665636
7.0,6.5318164508618555
13.0,12.97301033363731
12.0,12.701880224885203
12.0,12.430784380146534
13.0,12.56627835938967
13.0,12.702407159392255
6.0,6.614587441486976
0.0,0.0
0.0,0.0
0.0,0.0
13.0,12.36273189019802
0.0,0.0
0.0,0.0
0.0,0.0
6.0,6.317660190871715
0.0,0.0
0.0,0.0
14.0,12.451966144537622
0.0,0.0
0.0,0.0
0.0,0.0
0.0,0.0
0.0,0.0
12.0,12.299894340733935
0.0,0.0
0.0,0.0
0.0,0.0
0.0,0.45
0.0,0.0
0.0,0.0
0.0,0.0
12.0,11.12
13.0,12.731530539907041
14.0,12.704411441664744
7.0,6.58
13.0,12.428969487388152
0.0,0.0
0.0,0.0
12.0,12.297860366986106
0.0,0.0
0.0,1.05
12.0,12.465
0.0,0.0
0.0,0.0
0.0,0.005
6.0,6.728164463700221
0.0,0.0
0.0,0.0
0.0,0.0
15.0,12.729957528758908
0.0,0.0
13.0,12.51120148973759
0.0,0.0
0.0,0.0
0.0,0.0
6.0,5.66
12.0,12.425525212926944
0.0,0.0
0.0,0.0
0.0,0.0
0.0,0.0
0.0,0.0
0.0,0.0
13.0,13.039751261954295
0.0,0.0
13.0,12.578798701298702
0.0,0.0
6.0,7.217909741193579
0.0,0.0
0.0,0.315
12.0,13.046288438312894
12.0,12.876508330972863
12.0,12.362796423224024
13.0,12.773769470200627
6.0,4.8175
0.0,0.0
0.0,0.0
0.0,0.0
0.0,0.0
0.0,0.0
6.0,4.84
12.0,12.211736643210285
13.0,12.547380065669909
0.0,0.0
12.0,12.272356751239567
0.0,0.0
0.0,0.0
0.0,0.0
12.0,12.296190564145236
0.0,0.0
0.0,0.0
12.0,12.24343401674293
0.0,0.0
13.0,11.92
12.0,12.592256768141672
13.0,12.622659210750907
0.0,0.0
13.0,12.639052691018883
12.0,12.45760567006381
0.0,0.0
14.0,13.168124761125306
0.0,0.0
0.0,0.0
0.0,0.0
0.0,0.0
0.0,0.0
12.0,12.220966561688083
0.0,0.0
0.0,0.0
13.0,12.43499176376366
12.0,12.137238491371972
0.0,0.0
14.0,12.292812580255577
0.0,0.0
12.0,12.611058859441211
0.0,0.0
13.0,10.165
0.0,0.9
0.0,0.0
0.0,0.0
13.0,12.105352163017018
0.0,0.0
0.0,0.0
0.0,0.0
13.0,12.38335362308115
12.0,8.333937358878734
12.0,12.251213154860952
12.0,12.22351246535232
0.0,0.0
13.0,12.229064020417637
12.0,12.529054393341825
0.0,0.0
13.0,12.69
1.0,0.315
12.0,12.493597653521858
12.0,11.415563186813188
0.0,0.005
12.0,12.178483784746584
12.0,12.455185265127307
0.0,0.0
12.0,12.386785289619286
0.0,0.0
12.0,12.20878617512214
1.0,0.575
12.0,12.360539975703539
13.0,12.127121903683024
0.0,0.01
12.0,12.361563049620942
0.0,0.0
0.0,0.0
0.0,0.0
0.0,0.0
12.0,12.160453205283638
13.0,10.805
0.0,0.0
0.0,0.0
9.0,10.517387873069584
12.0,12.333285530590897
0.0,0.0
0.0,0.0
12.0,12.192131403716914
0.0,0.0
0.0,0.0
12.0,11.974609667938083
12.0,12.67
12.0,12.448633295609097
6.0,6.708461065668964
13.0,12.806102002164502
13.0,12.466409460548139
0.0,0.0
12.0,12.405764793930462
0.0,0.0
0.0,0.0
8.0,6.637016309428764
12.0,12.524011941185854
13.0,12.846635297879992
13.0,13.040917816069571
0.0,0.0
12.0,13.107508547008546
0.0,0.0
13.0,12.896302522083188
12.0,12.748505212743735
12.0,11.917276976207305
12.0,11.79374252873563
2.0,0.31
13.0,12.23530303030303
0.0,0.0
13.0,12.095696019980062
12.0,12.48959461979301
0.0,0.13
14.0,12.373151384085634
0.0,0.0
0.0,0.0
0.0,0.0
12.0,12.405
13.0,12.185990015285002
0.0,0.0
12.0,11.62560035330023
6.0,5.81
0.0,0.0
0.0,0.0
0.0,0.0
0.0,0.0
12.0,12.01878661708496
0.0,0.0
0.0,0.0
13.0,12.402062516629778
12.0,12.836658318555527
12.0,12.370855554956144
0.0,1.6207142857142856
0.0,0.0
0.0,0.0
12.0,12.570275823337827
12.0,12.583136662179697
0.0,0.0
12.0,12.31261807114481
0.0,0.0
0.0,0.0
12.0,12.292760447998397
0.0,0.0
0.0,0.0
12.0,12.682054035928989
12.0,12.55865463929474
12.0,12.309533459776349
6.0,7.13020116739629
7.0,6.3424460358482095
1.0,3.0925297619047623
0.0,0.0
0.0,0.0
0.0,0.0
12.0,11.886540511178564
13.0,12.357056876445576
0.0,0.0
13.0,13.269568553229654
6.0,6.011826987242777
0.0,0.0
0.0,0.0
0.0,0.0
0.0,0.0
0.0,0.0
0.0,0.0
0.0,0.0
12.0,12.403596405859462
0.0,0.24
14.0,12.726860654671107
0.0,0.0
6.0,6.595928376068375
6.0,6.682647006926865
14.0,12.85273657279065
0.0,0.0
13.0,12.735925511900776
12.0,12.30214504374565
0.0,0.0
12.0,12.770792894169162
0.0,0.0
13.0,12.559916747001724
13.0,12.988342918997942
0.0,0.0
0.0,0.0
0.0,0.0
12.0,12.556830343022096
0.0,0.0
0.0,0.0
11.0,12.127531705233348
0.0,0.0
0.0,0.0
12.0,12.539591529156406
13.0,12.721966335760008
6.0,6.685013153951925
0.0,0.0
0.0,0.0
12.0,12.34085006725973
13.0,12.322377756303442
0.0,0.0
14.0,12.943051536196588
14.0,12.568075523656237
7.0,6.399079827075729
0.0,0.0
12.0,12.332407069722423
6.0,6.335221669655389
14.0,12.37165872116441
8.0,6.24
13.0,12.94914765293823
0.0,0.0
0.0,0.0
0.0,0.0
0.0,0.0
0.0,0.0
0.0,0.0
13.0,12.687355482014759
0.0,0.0
0.0,0.0
13.0,12.46625
6.0,6.526852100252821
13.0,12.238315143071361
12.0,12.484746791658772
12.66666667,12.516573772765932
0.0,0.0
0.0,0.0
7.0,8.476134090582196
0.0,0.0
12.0,12.282920862519857
0.0,0.0
12.0,12.23380989257999
7.0,6.251632029087275
12.0,12.615060430015262
12.0,12.23177367788506
0.0,0.0
0.0,0.0
13.0,12.359689318883202
0.0,0.0
0.0,0.0
13.0,12.406159887745455
12.0,12.316964843469442
8.0,12.1
14.0,11.905401790691966
12.0,12.569179321087459
14.0,11.904899308453437
12.0,12.365116169329434
0.0,0.0
12.0,12.529780509185636
12.0,12.479162424806866
12.0,12.563737433444048
12.0,11.37
0.0,0.0
12.0,12.508481788982548
0.0,0.0
0.0,0.0
0.0,0.0
12.0,12.297302158617178
8.0,12.117807334535048
0.0,1.86
0.0,0.0
13.0,12.345535157782335
12.0,12.257152435993738
0.0,0.0
14.0,12.223139154004677
12.0,12.836624618781086
12.0,12.390238933874658
13.0,12.702284336746542
13.0,12.550172503322052
12.0,12.144532821085924
12.0,12.425960064277815
11.0,12.622628250736375
0.0,0.0
12.0,12.609928266178265
12.0,12.360999385358511
0.0,0.0
13.0,10.288
0.0,0.0
0.0,0.21
0.0,0.0
0.0,0.0
0.0,0.0
12.0,12.425
0.0,0.0
12.0,12.655087979981129
0.0,0.0
0.0,0.0
0.0,0.0
0.0,0.005
0.0,0.0
0.0,0.0
12.0,12.42729831417386
0.0,0.0
0.0,0.0
0.0,0.0
0.0,0.0
14.0,12.56933679060539
0.0,0.0
0.0,0.0
0.0,0.0
0.0,0.2966666666666667
0.0,0.0
13.0,12.962564544214029
0.0,0.0
12.0,12.27360563382364
12.0,12.428468894766338
0.0,0.13
0.0,0.0
12.0,12.74348753403374
6.0,6.228615430033542
12.0,12.375742500373947
12.0,12.620176673574695
0.0,0.0
13.0,12.87593360085696
14.0,12.827281939673519
13.0,11.974625468164794
0.0,0.0
12.0,12.24035949129985
12.0,12.735682694573859
0.0,0.0
12.0,12.461272901432585
0.0,0.0
0.0,0.0
0.0,0.0
12.0,12.158489807271435
12.0,12.247836803156012
0.0,0.0
12.0,12.628607354188953
0.0,0.0
13.0,10.505267905581205
12.0,12.82764727212929
0.0,0.0
13.0,12.678907596430163
12.0,12.179061698690148
0.0,0.0
12.0,12.28008442447828
12.0,12.208917981774238
0.0,0.0
13.0,11.46
12.0,11.68715637845486
12.0,12.252048854472342
13.0,12.212333028005746
13.0,12.269670419027703
12.0,7.145
0.0,0.0
12.0,12.462970595306022
12.0,12.036904676017018
0.0,0.0
0.0,0.0
13.0,11.657412272556329
13.0,12.372631367592803
0.0,0.0
12.0,12.360892584610674
0.0,0.0
6.0,6.193183560079623
0.0,0.04
0.0,0.0
12.0,13.091500000000002
13.0,12.584213777484235
0.0,0.0
0.0,0.0
0.0,0.0
14.0,12.0268975921763
0.0,0.0
12.0,11.995396825396826
12.0,12.883662459188713
0.0,0.0
0.0,0.0
0.0,0.0
12.0,12.48289688027133
12.0,11.519667692873455
0.0,0.0
12.0,12.52541208444663
12.0,12.291580921533177
0.0,0.0
0.0,0.0
13.0,12.761702960929899
12.0,11.992228581103788
0.0,0.0
12.0,12.692284220441485
0.0,0.0
0.0,0.06
13.0,12.091619500525148
12.0,12.505294026509969
0.0,0.0
0.0,0.0
0.0,0.0
12.0,12.275
12.0,12.639969654667807
12.0,11.701683982683981
0.0,0.0
0.0,0.0
9.0,11.068754192872115
0.0,0.0
12.0,12.344955712225042
12.0,12.554024479183667
0.0,0.0
0.0,0.0
12.0,13.036492803261563
0.0,0.01
0.0,0.0
12.0,12.220383912691348
12.0,12.803417414243702
0.0,0.0
0.0,0.0
0.0,0.0
0.0,0.0
0.0,0.0
0.0,0.0
0.0,0.0
13.0,12.294913015925781
12.0,12.01878661708496
12.0,12.443419817781134
0.0,0.0
0.0,0.0
13.0,12.26363497021607
0.0,0.0
0.0,0.0
0.0,0.0
13.0,12.238778856740705
12.0,11.95507142857143
0.0,0.0
12.0,12.872106584187485
12.0,11.996122642084432
12.0,12.442584579953884
0.0,0.0
14.0,12.826519482228202
0.0,0.0
0.0,0.0
13.0,12.307488089702261
0.0,0.0
0.0,0.0
14.0,12.72220666241981
13.0,12.94487444779273
7.0,12.507551463976437
12.0,12.099346909959918
12.0,12.326113351712438
6.0,6.652364335986396
0.0,0.0
12.0,12.075042729250361
0.0,0.0
0.0,0.0
13.0,12.588221281746625
12.0,12.352669629148584
13.0,12.499554398645694
12.0,12.440065769168013
12.0,12.36229821881446
12.0,12.599773046398045
0.0,0.0
0.0,0.0
0.0,0.0
0.0,0.0
0.0,0.0
0.0,0.0
0.0,0.0
0.0,0.0
13.0,12.297164919551037
13.0,12.885076793848471
13.0,12.385811580415531
7.0,6.463732934705962
12.0,12.836877658666223
0.0,0.0
13.0,12.812282752433614
0.0,0.0
0.0,0.0
0.0,0.0
0.0,0.0
14.0,12.560134014389895
11.0,12.378041536970054
12.0,12.804077030812323
13.0,12.410437070903697
6.0,8.185957264957265
0.0,0.0
0.0,0.0
0.0,0.335
13.0,12.706458150584687
12.0,12.27730756995877
0.0,0.0
0.0,0.0
13.0,12.621328238050124
14.0,12.653237272987171
0.0,0.0
0.0,0.0
12.0,12.400054793801592
12.0,12.540830402748304
13.0,12.583406256351678
12.0,12.786388684597757
12.0,12.324666969720411
0.0,0.0
12.0,12.39592924391763
0.0,0.0
0.0,0.0
13.0,11.695
13.0,12.629594076390815
0.0,0.0
0.0,0.0
8.0,6.445386418815706
0.0,0.0
13.0,12.800293250017557
13.0,12.810146905523625
13.0,12.444942440015991
0.0,0.0
0.0,0.0
12.0,12.096250583566762
0.0,0.0
14.0,12.131973020455748
0.0,0.0
12.0,12.38780708351728
0.0,0.0
0.0,0.0
0.0,0.0
12.0,13.07271307526113
0.0,0.01
14.0,12.620602262050859
14.0,12.501034577228
12.0,12.304705241484923
0.0,0.0
0.0,0.0
13.0,12.305178001541144
12.0,12.849555454429062
0.0,0.0
12.0,11.479576616706845
12.0,12.421878730685457
12.0,12.666333736794508
0.0,0.0
12.0,12.600823694070884
1.0,3.205
13.0,12.555341077315527
0.0,0.0
12.0,12.357232803881036
0.0,0.0
12.0,12.726485188426198
12.0,12.282642045838971
0.0,0.0
0.0,0.0
13.0,12.56937393099658
13.0,6.789818452380953
12.0,12.509289376228367
0.0,0.0
12.0,12.266601632806143
12.0,12.665
0.0,0.0
0.0,0.0
0.0,0.0
0.0,0.0
0.0,0.0
0.0,0.0
0.0,0.0
0.0,0.0
13.0,12.319847101480486
0.0,0.0
12.0,12.7840546278342
7.0,6.240837872557823
0.0,0.0
0.0,0.0
0.0,0.0
12.0,11.180174265185956
0.0,0.015
0.0,0.0
0.0,0.0
0.0,0.0
13.0,12.406828225208328
0.0,0.0
0.0,0.455
13.0,12.3474529047139
14.0,12.394260329558554
12.0,12.56438021664881
0.0,0.0
12.0,12.501897519979185
0.0,0.0
12.0,12.422059200217152
0.0,0.0
0.0,0.0
12.0,11.375545061027491
6.0,5.815
0.0,0.0
12.0,12.531213897720809
0.0,0.0
12.0,12.506613162633425
12.0,12.806432228228935
0.0,0.425
13.0,12.077810763965497
0.0,0.0
0.0,0.0
13.0,12.95357394483518
0.0,0.0
12.0,12.316412283482903
13.0,12.107199875124877
0.0,9.988478854478855
7.0,6.595389179532081
12.0,12.498048966212936
6.0,6.4958823580564475
0.0,0.25
12.0,12.140092929894676
12.0,12.223599396942875
0.0,0.0
13.0,12.386776766033455
0.0,0.0
13.0,12.615602711506668
0.0,0.0
0.0,0.0
6.0,6.270670020381873
0.0,0.0
0.0,0.175
13.0,12.297313148802775
0.0,0.0
0.0,0.0
11.0,12.4645919339165
0.0,0.0
0.0,0.0
13.0,12.884448829605432
13.0,12.217549458443145
12.0,12.298233531544131
7.0,6.282015198460653
0.0,0.0
12.0,12.288273067106264
0.0,0.0
0.0,0.0
12.0,12.649952097411951
0.0,0.0
0.0,0.0
12.0,12.890360464820562
0.0,0.0
0.0,0.0
12.0,12.290572254732162
12.0,12.907252107317696
0.0,0.0
13.0,12.975212842358514
0.0,0.0
0.0,0.0
0.0,0.0
9.0,11.980793760145167
0.0,0.0
0.0,0.0
0.0,0.0
7.0,6.929715987968125
0.0,0.0
0.0,0.0
0.0,0.0
0.0,0.0
7.0,7.27
0.0,0.0
6.0,6.791171857768304
0.0,0.0
0.0,0.0
13.0,12.861965532711762
0.0,0.095
12.0,12.607292268359874
6.0,6.233397153318168
12.0,12.307613488628128
13.0,12.543476537212873
13.0,12.758325375367203
0.0,0.0
0.0,0.0
0.0,0.0
0.0,0.0
13.0,12.622424559904433
0.0,0.0
12.0,12.502477769905209
0.0,2.099642222753519
0.0,0.0
0.0,0.0
0.0,0.0
0.0,0.0
13.0,12.24547303651944
0.0,0.0
13.0,12.166451405600379
0.0,0.0
0.0,0.0
7.0,6.886658434985341
0.0,0.0
13.0,12.37283000024771
12.0,12.123987431059259
12.0,12.948308753712348
13.0,12.446413946557898
0.0,0.0
0.0,0.19
0.0,0.0
12.0,13.045459464720288
0.0,0.0
13.0,12.908570258792622
12.0,11.966748644731075
12.0,12.365506658965039
0.0,0.0
0.0,0.0
0.0,0.0
0.0,0.0
6.0,5.745
0.0,0.0
13.0,12.168692943479412
0.0,0.0
12.0,12.305654515048477
0.0,0.005
0.0,0.0
12.0,11.90678419389018
13.0,12.59956565130272
12.0,11.059000000000001
0.0,0.0
0.0,0.0
12.0,12.287534590473674
0.0,0.0
0.0,0.0
12.0,12.76534260721579
13.0,12.51907007544184
12.0,12.584849691642267
12.0,12.347881555710174
0.0,0.0
0.0,0.0
12.0,12.545
0.0,0.0
0.0,0.0
0.0,0.0
0.0,0.0
12.0,12.716155337634646
0.0,0.0
0.0,0.0
0.0,0.0
13.0,12.313425355036
0.0,0.0
8.0,6.332118133723614
13.0,12.19057694102653
0.0,0.0
0.0,0.0
0.0,0.0
12.0,12.649801292477296
0.0,0.0
0.0,0.0
13.0,12.56000313910595
11.0,8.9
13.0,12.365
0.0,0.0
13.0,12.811686549975882
0.0,0.0
0.0,0.0
12.0,11.96692260986337
14.0,12.770488132047992
6.0,7.393511904761906
12.0,12.220364281108962
12.0,12.407468419072911
12.0,12.63722189699863
12.0,12.496126800507936
7.0,6.235
11.0,12.30667105304202
13.0,12.509930602308145
12.0,12.360968381377504
0.0,0.0
12.0,12.182604011209369
0.0,0.0
0.0,0.0
12.0,12.448630231191016
0.0,0.0
13.0,12.535114750883348
0.0,0.0
13.0,12.569055388146378
13.0,12.847461016177235
0.0,0.0
12.0,12.353835928216514
0.0,0.0
12.0,11.314087895794128
0.0,0.0
13.0,11.882246999536862
12.0,12.3605817716979
0.0,0.0
0.0,0.0
0.0,0.0
0.0,0.0
6.0,6.350718481782178
0.0,0.0
0.0,0.0
0.0,0.0
0.0,0.0
13.0,12.308498699596967
14.0,12.73192142529065
8.0,4.045
0.0,0.0
0.0,0.0
0.0,0.0
0.0,0.0
0.0,0.0
12.0,12.527416223068203
14.0,12.614821567084364
0.0,0.0
0.0,0.0
12.0,12.471374837648554
0.0,0.0
0.0,0.0
0.0,0.0
11.0,12.577510336968244
0.0,0.0
12.0,12.46726611703933
0.0,0.0
12.0,9.82038183437625
13.0,13.112015002960575
0.0,0.0
13.0,12.024486745106756
12.0,12.868297326077897
12.0,12.001833333333334
12.0,12.440255897870557
12.0,12.404633483069182
12.0,11.450220726154837
0.0,0.0
0.0,0.0
0.0,0.0
13.0,12.410205183837588
12.0,12.221317959921548
0.0,0.0
0.0,0.0
0.0,0.0
0.0,0.0
13.0,12.471636867602742
12.0,12.305361291939256
0.0,0.0
12.0,12.016052995391705
14.0,12.521732371595734
12.0,12.263331011398932
0.0,0.0
0.0,0.0
0.0,0.0
0.0,0.0
7.0,5.560802631578947
12.0,12.549354016619978
6.0,6.172192580438015
12.0,12.465021496975458
0.0,0.0
0.0,0.0
0.0,0.0
0.0,0.0
0.0,0.0
12.0,7.19
12.0,12.52537437964538
12.0,12.532177874693144
0.0,0.0
12.0,12.330088265278782
0.0,0.0
0.0,0.0
0.0,0.0
0.0,0.0
0.0,0.0
0.0,0.0
7.0,6.385705510155735
12.0,12.179604608948473
12.0,12.772137551840625
0.0,0.0
0.0,0.0
0.0,0.0
9.0,12.125370558916975
0.0,0.0
6.0,6.305416666666668
0.0,0.0
0.0,0.0
0.0,0.0
12.0,12.382883872835855
12.0,12.091938370846783
12.0,12.100353319935738
6.0,6.853791974856998
0.0,0.0
0.0,0.0
0.0,0.0
0.0,0.0
0.0,0.0
13.0,12.818712781009843
13.0,13.154461919298212
0.0,0.0
0.0,0.0
0.0,0.0
0.0,0.0
12.0,12.494034780345974
0.0,0.0
13.0,12.733503399912285
12.0,12.527496216158843
7.0,6.346195838954842
12.0,12.479165090431382
6.0,6.329243964654917
0.0,0.015
0.0,0.0
0.0,0.0
0.0,0.0
13.0,12.42023718181523
0.0,0.0
13.0,12.487273433880837
0.0,0.0
12.0,12.203777056277056
0.0,0.0
6.0,6.439252182716924
13.0,12.53340909090909
13.0,12.572500135281384
12.0,12.47126284693855
13.0,12.28252885376319
12.0,11.760873910825694
13.0,12.607923674168537
0.0,0.0
12.0,12.318510913817532
0.0,0.0
13.0,13.062599440408745
13.0,12.699801185145326
12.0,12.316201020926991
13.0,12.480437499999999
0.0,0.0
12.0,12.358443812973537
12.0,12.684760108018299
12.0,12.268543573525426
0.0,0.0
0.0,0.0
0.0,0.0
12.0,12.303736693752107
0.0,0.0
12.0,12.522986683047888
13.0,12.451919949813753
0.0,0.0
0.0,0.0
0.0,0.0
0.0,0.0
0.0,0.0
0.0,0.0
0.0,0.0
1.0,5.29
12.0,12.565265241532202
12.0,12.829635962575148
0.0,0.0
0.0,0.0
0.0,0.0
13.0,12.889024802499812
6.0,6.730903897459659
6.0,6.388515526547968
0.0,0.0
0.0,0.0
0.0,0.0
13.0,12.046532256015649
12.0,12.986877543470218
12.0,12.369633124349356
12.0,12.599841014333554
12.0,13.06319605319341
0.0,0.0
14.0,12.75175
12.0,12.184076797956575
0.0,0.0
0.0,0.0
0.0,0.0
0.0,0.0
0.0,0.0
0.0,0.0
0.0,0.0
13.0,12.676078999743606
0.0,0.0
13.0,12.144995067181066
13.0,12.396940439755527
13.0,12.281086923667969
14.0,12.621791380587803
6.0,6.221625152994557
0.0,0.0
13.0,12.939818232558615
0.0,3.595
0.0,0.0
12.0,11.794303632431276
12.0,12.210867965563157
12.0,12.579778279368627
0.0,0.0
0.0,0.0
0.0,0.0
0.0,0.0
12.0,12.326849035876526
0.0,0.0
0.0,0.0
0.0,0.0
7.0,6.742481783851349
0.0,0.0
0.0,0.0
13.0,12.271348183715231
0.0,0.0
13.0,12.607575896476332
14.0,12.420221595586362
0.0,0.0
12.0,12.32241409681197
0.0,0.0
0.0,0.185
0.0,0.0
12.0,12.195107230518328
13.0,12.536674620722977
13.0,12.987487498540991
0.0,0.0
12.0,12.4155881182486
13.0,12.264176186426985
0.0,3.0723735562310033
0.0,0.0
0.0,0.0
14.0,12.622030799885273
12.0,12.409562396192328
12.0,12.14861561226725
13.0,12.253402014117544
13.0,12.075563480933676
0.0,0.515
12.0,12.540259740259739
0.0,0.0
0.0,0.0
0.0,0.0
6.0,6.736512879817494
7.0,7.082661844536845
0.0,0.0
0.0,0.0
0.0,0.0
0.0,0.005
12.0,12.553529834644172
12.0,12.41021860040669
0.0,0.0
0.0,0.0
12.0,12.232892775681934
0.0,1.96
0.0,0.035
0.0,0.0
0.0,0.0
0.0,0.0
13.0,12.136406590269273
12.0,12.192578844959305
12.0,12.190873015873015
1.0,1.055
0.0,0.03
12.0,12.755170483504106
0.0,0.0
12.0,12.4
13.0,12.321849946850232
0.0,0.0
0.0,0.0
13.0,12.17931975302356
0.0,0.0
13.0,12.577301219201136
13.0,11.845
0.0,0.0
0.0,0.0
14.0,13.06995692696586
13.0,12.29
0.0,0.0
13.0,11.90813367303071
12.0,11.579660503779351
0.0,0.0
0.0,0.0
0.0,0.0
12.0,12.185265326551805
0.0,0.0
0.0,0.0
0.0,5.57
0.0,0.0
0.0,0.0
12.0,12.316859159020453
0.0,0.0
12.0,12.142699295525325
0.0,0.0
0.0,0.0
0.0,0.0
0.0,0.0
0.0,0.0
12.0,12.44615415024205
12.0,12.404543839663702
0.0,0.0
0.0,0.0
7.0,6.744208031081156
7.0,6.584539859364354
12.0,12.398582931677593
0.0,0.0
1.0,3.075
0.0,0.0
12.0,12.720230744626543
0.0,0.0
14.0,12.882917855860065
0.0,0.0
0.0,0.0
13.0,12.394454278512137
0.0,0.0
12.0,12.23717511468475
0.0,0.0
0.0,0.0
12.0,12.283590634138738
0.0,0.0
0.0,0.0
0.0,0.0
12.0,12.240882294108593
0.0,0.0
0.0,0.12
7.0,8.84934159113107
12.0,12.75922458172458
12.0,12.483248064435566
0.0,0.0
13.0,12.836434737593233
12.0,13.129233678816123
6.0,2.795
0.0,0.0
0.0,0.01
12.0,12.362540596643818
0.0,0.0
14.0,11.33537074757004
0.0,0.0
13.0,12.50633226071973
0.0,0.15
12.0,12.148971788237102
0.0,0.0
13.0,12.74243496033864
12.0,12.542084794540493
13.0,12.94806518200626
0.0,0.0
6.0,6.473252054612853
12.0,12.013493992594455
14.0,12.868459415584416
0.0,0.25
12.0,12.296410738272836
12.0,12.294582714076657
12.0,12.312903666811396
6.0,6.502156430017019
7.0,10.521090612777051
6.0,6.264535078544849
0.0,0.0
0.0,0.0
12.0,12.04527023906805
0.0,0.0
12.0,12.406917921195838
0.0,0.0
12.0,12.434021122602546
0.0,0.0
7.0,6.238707771696315
0.0,0.0
6.0,6.27
0.0,0.0
0.0,0.0
12.0,12.581244851192219
0.0,0.0
0.0,0.0
0.0,0.0
12.0,12.197373213588191
0.0,0.0
0.0,0.0
12.0,12.61714291069504
0.0,0.0
0.0,0.0
0.0,0.0
12.0,12.6650669022297
12.0,12.350941154086925
12.0,12.240489373289
0.0,0.0
0.0,0.0
0.0,0.0
14.0,11.232571428571429
0.0,0.0
0.0,0.0
0.0,0.0
0.0,0.0
12.0,12.491451872610217
0.0,0.0
0.0,2.93
0.0,0.0
12.0,12.440088511918434
6.0,6.230646306419291
12.0,12.256143562924711
0.0,0.0
0.0,0.0
10.0,12.161452443940684
0.0,1.25
0.0,0.0
12.0,12.600358951943354
0.0,0.0
0.0,0.0
13.0,12.130546777887007
13.0,12.101997251680636
14.0,12.430784469748279
12.0,12.308544239609077
0.0,0.0
0.0,0.0
11.0,12.833481656210122
0.0,0.0
13.0,12.680126450458326
6.0,6.125517123359682
14.0,12.246571798757357
6.0,6.408934801672734
12.0,12.520320025728543
12.0,12.354288266433771
13.0,13.055619464399228
12.0,12.491936957884054
0.0,0.0
0.0,0.0
13.0,11.683214453632914
14.0,10.99034090909091
0.0,0.0
0.0,0.0
0.0,0.0
0.0,0.0
12.0,12.980797078270076
0.0,0.0
12.0,12.262876406267756
0.0,0.0
13.0,12.940139571359996
0.0,0.0
12.0,12.409565002784982
14.0,12.618161785926969
0.0,0.0
13.0,12.755586204129424
0.0,0.0
0.0,0.0
0.0,0.0
12.0,12.73762129132935
13.0,12.655457216668827
0.0,0.0
0.0,4.8775
0.0,0.0
13.0,13.101473707117677
0.0,0.0
0.0,0.0
0.0,0.0
0.0,3.64
0.0,0.0
0.0,0.0
14.0,12.86340774574865
6.0,6.804292744404957
13.0,12.296821598774965
0.0,0.0
0.0,0.0
0.0,0.0
0.0,0.0
6.0,5.95
0.0,0.0
0.0,0.0
0.0,0.0
0.0,0.0
0.0,0.0
13.0,12.712922819996875
0.0,0.0
12.0,10.369695512820513
0.0,0.0
12.0,12.522367612361414
13.0,12.754742566801001
12.0,12.319876867365908
7.0,6.038607589809188
0.0,0.0
12.0,12.626041119003503
13.0,12.174704874912305
12.0,12.236867716526923
13.0,12.631757922686397
0.0,0.135
12.0,12.266360169599343
0.0,0.0
7.0,6.745913031185361
0.0,0.0
0.0,0.0
12.0,13.198433485896379
0.0,0.0
0.0,0.0
14.0,11.004473684210526
13.0,12.599206494946374
6.0,6.425742124393972
6.0,5.085
0.0,0.0
0.0,0.0
13.0,12.466109890180997
13.0,12.792155130773464
13.0,13.487390834051388
0.0,0.0
13.0,12.701722569478004
0.0,0.0
13.0,12.840371449164717
0.0,0.0
11.0,12.323368758105467
12.0,12.489185948039868
13.0,12.535
13.0,12.063138166261886
12.0,12.416309830555674
0.0,0.0
0.0,0.0
13.0,12.476509014432347
13.0,12.76023367959986
0.0,0.01
0.0,0.0
13.0,12.530917430186696
12.0,12.196136120840459
0.0,0.0
0.0,0.0
13.0,12.908340801510715
8.0,6.536822594167263
12.0,12.226623310108536
12.0,12.172285129735641
13.0,13.020579267617192
0.0,0.0
0.0,0.0
0.0,0.0
13.0,12.793643611168852
13.0,12.29050482851473
12.0,12.251754419886248
0.0,0.0
12.0,12.293666181334494
0.0,0.0
0.0,0.0
0.0,0.0
0.0,0.0
6.0,6.453915111517141
13.0,12.456178359072442
12.0,13.006934822533868
13.0,12.394438484737556
0.0,0.0
12.0,12.17832662706474
6.0,4.775
0.0,0.0
12.0,12.266896456793596
0.0,0.08
0.0,0.0
9.0,10.425986189174083
0.0,0.0
0.0,0.0
0.0,0.0
0.0,0.0
12.0,12.364157113363976
0.0,0.0
7.0,7.109722545357851
0.0,0.0
0.0,0.0
0.0,0.0
0.0,0.0
12.0,12.197760230807425
12.0,12.746614525797538
0.0,0.0
14.0,12.895574587912087
13.0,12.407354916711924
12.0,12.25898698248446
0.0,0.0
12.0,12.931079111242944
1.0,1.415
0.0,2.045
6.0,6.192406313018134
0.0,0.0
12.0,12.110128016792075
0.0,0.0
13.0,12.541741890457367
12.0,12.250629943033159
0.0,0.0
0.0,0.0
12.0,12.658667568320757
12.0,7.1575
13.0,12.742014585250242
6.0,6.003815368595148
13.0,12.858592777025107
12.0,12.016459914825981
12.0,12.2593037276377
7.0,7.383272685647685
0.0,0.0
0.0,0.0
1.0,4.965
12.0,12.769063281308366
12.0,12.838973669695745
6.0,6.502569408063488
0.0,0.0
0.0,0.0
0.0,0.0
0.0,0.0
12.0,12.867247410903587
1.0,0.465
12.0,12.430113237698812
12.0,12.619376904177622
12.0,10.988376229331859
0.0,0.01
0.0,0.0
12.0,12.14910532947047
14.0,12.361120964760312
6.0,6.2046973929431575
12.0,12.496671715846311
0.0,0.0
13.0,12.77130682236355
0.0,0.0
0.0,0.0
13.0,12.448099171360717
10.0,12.29239786874926
13.0,12.478104652783106
0.0,0.0
0.0,0.0
0.0,0.97
0.0,0.0
12.0,12.51120540825727
0.0,0.0
0.0,0.0
12.0,12.259554325506638
13.0,12.661761237373673
13.0,12.343803850683644
13.0,12.606995268557455
13.0,12.825926198952288
12.0,13.165318621809654
0.0,0.0
0.0,0.005
0.0,0.0
0.0,0.0
0.0,0.0
12.0,12.27455472535772
0.0,0.0
0.0,0.0
12.0,12.454983376053455
0.0,0.0
12.0,12.04278047859371
0.0,0.0
6.0,6.516768142929835
12.0,12.029861316565798
13.0,12.16030303030303
0.0,0.0
14.0,12.292724189282685
12.0,12.60345916774193
0.0,0.0
0.0,0.0
12.0,12.030563161144181
0.0,0.0
12.0,12.53167977153846
0.0,0.18
12.0,12.46494927290721
0.0,0.0
12.0,12.354750588385308
0.0,2.17
13.0,12.343604123980963
0.0,0.0
13.0,12.122436376259692
12.0,12.335360582371315
0.0,0.0
0.0,0.0
0.0,0.0
0.0,0.0
0.0,0.0
0.0,0.0
8.0,4.065
13.0,13.025877042200905
0.0,0.005
12.0,12.38834794166601
14.0,12.532691753330976
12.0,12.710027401633736
13.0,12.329690835664312
12.0,12.365264277351422
0.0,0.0
0.0,0.0
12.0,12.44072710315639
13.0,11.386111111111111
0.0,0.0
12.0,12.171836401587159
13.0,12.465833374025522
12.0,12.343560796002967
0.0,0.0
13.0,12.478418758358226
0.0,0.0
13.0,12.70200145766541
0.0,0.0
0.0,0.0
12.0,12.562227785647769
0.0,0.0
0.0,0.0
0.0,0.0
0.0,0.0
0.0,0.0
13.0,12.764194914208653
12.0,12.584479112886877
0.0,0.0
0.0,0.0
0.0,0.0
0.0,0.0
0.0,0.0
12.0,12.201432010055333
0.0,0.0
0.0,0.0
0.0,0.0
13.0,12.338389960703585
0.0,0.0
13.0,10.73
13.0,12.950457313130222
14.0,12.291651871142903
0.0,0.0
0.0,0.0
0.0,0.0
13.0,12.810900449651843
12.0,12.431862279025323
0.0,0.0
0.0,0.0
6.0,6.311217397767435
0.0,0.0
12.0,12.581105623100305
14.0,12.314982813722207
0.0,0.0
0.0,0.0
12.0,12.260324178426076
13.0,13.010897940586842
12.0,11.988884098686679
0.0,0.0
0.0,0.0
0.0,0.0
0.0,0.0
13.0,12.365209209831365
0.0,0.0
0.0,0.0
0.0,0.005
13.0,12.530583055699767
0.0,0.0
13.0,12.506980037225812
0.0,0.0
0.0,0.0
12.0,12.035
0.0,0.0
0.0,0.0
0.0,0.0
12.0,11.94426137474688
12.0,12.811747710924617
0.0,0.0
0.0,0.0
0.0,0.0
13.0,12.91013717932655
0.0,0.0
13.0,12.831923192918332
6.0,6.614855801786344
0.0,0.0
0.0,0.0
13.0,12.64697844995645
0.0,0.0
0.0,0.0
0.0,0.0
14.0,12.445820557689574
0.0,0.0
0.0,0.0
0.0,0.0
0.0,0.0
12.0,12.5206914914496
14.0,12.351308724832215
12.0,12.850721149169335
10.0,11.157788559217284
12.0,12.405118445407354
0.0,0.0
0.0,0.0
0.0,0.0
0.0,0.0
13.0,11.827758671535632
0.0,0.0
12.0,12.50090870282876
0.0,0.0
0.0,0.0
0.0,0.0
12.0,12.417361688443117
13.0,12.486870526597805
0.0,0.0
0.0,0.0
0.0,0.0
13.0,12.220848009171869
12.0,12.140367927837985
0.0,0.0
12.0,12.380487146800567
13.0,12.346150465286476
0.0,0.0
0.0,0.0
12.0,12.300025044870866
0.0,0.0
0.0,0.0
0.0,0.0
0.0,0.0
6.0,6.146988762300286
12.0,12.463522460389331
0.0,0.0
0.0,0.0
12.0,12.635388989077413
0.0,0.0
12.0,12.267137987312857
6.0,6.289160303554004
7.0,6.0414784239919275
0.0,0.0
1.0,0.355
0.0,0.0
13.0,12.486620126458424
0.0,0.0
14.0,12.639155557940187
12.0,12.439848172516783
0.0,1.355
0.0,0.0
0.0,0.0
0.0,0.0
12.0,12.986614745817096
0.0,0.0
13.0,12.486085722001675
0.0,0.0
12.0,12.223558617980093
0.0,0.0
0.0,0.0
14.0,12.296639186474613
12.0,12.296105359884944
6.0,7.663096649197681
0.0,0.0
12.0,12.348501152128083
0.0,0.0
12.0,12.409422514619882
12.0,12.358241790172597
0.0,0.0
13.0,12.786773954210318
12.0,12.181023202170293
13.0,12.600125437320012
6.0,6.6267190854978795
12.0,9.592794117647058
13.0,12.12
12.0,12.506323220935187
13.0,12.486081587039559
3.0,2.565
0.0,0.0
0.0,0.0
12.0,12.566187157481824
12.0,12.537896911677622
0.0,0.0
0.0,0.0
12.0,12.391441507685125
13.0,12.4080727014307
12.0,12.285482753849756
0.0,0.0
13.0,12.701541910266041
14.0,12.482831869243796
12.0,12.529800473765153
0.0,0.01
12.0,13.109087488598357
9.0,12.539823467384599
12.0,12.616898375575824
0.0,0.0
12.0,12.37038794944066
12.0,12.539735728636703
0.0,0.0
0.0,0.0
0.0,0.0
0.0,0.0
0.0,0.0
1.0,0.795
11.0,12.473385015346018
0.0,0.0
0.0,0.0
6.0,6.3994342653593925
12.0,12.175564713064714
13.0,12.6314973814047
0.0,0.0
14.0,12.805367315892827
14.0,12.384132766437723
13.0,12.2904933283891
13.0,12.477151945169824
0.0,0.0
12.0,12.416263179463577
0.0,0.0
0.0,0.0
0.0,0.0
7.0,6.411754936206024
0.0,0.0
12.0,12.522035348230794
0.0,0.0
0.0,0.02
12.0,12.390935336277934
0.0,0.96
0.0,0.0
0.0,0.0
12.0,12.98404136679618
13.0,12.252543554512977
12.0,12.359754326082875
14.0,13.040038438312894
14.0,12.569533312388836
0.0,0.0
8.0,6.255
12.0,12.280917143295826
0.0,0.0
12.0,12.412395375457876
13.0,12.186038163685387
13.0,12.93215851662116
0.0,0.0
0.0,0.0
0.0,0.0
13.0,12.50959475766811
13.0,12.390315765234496
0.0,0.0
0.0,0.0
12.0,12.278709343751649
0.0,0.0
11.0,12.360893453265787
12.0,12.115
0.0,0.0
12.0,12.15035226479424
13.0,12.083527251710036
0.0,0.0
0.0,0.0
6.0,6.071561541492235
0.0,0.0
14.0,12.691529220779222
12.0,12.251422354445221
14.0,12.346756358288042
0.0,0.0
0.0,0.0
0.0,0.0
0.0,0.0
0.0,0.0
0.0,0.0
0.0,0.0
13.0,12.579045796840196
0.0,0.0
0.0,0.0
0.0,0.0
0.0,0.0
0.0,0.0
13.0,12.436639957264957
12.0,12.227067480418498
0.0,0.0
13.0,12.434542312485952
13.0,12.169922620011052
0.0,0.005
0.0,0.0
0.0,0.335
0.0,0.0
0.0,0.0
0.0,0.0
0.0,0.0
0.0,0.0
0.0,0.0
0.0,0.0
0.0,0.0
0.0,0.0
0.0,0.0
6.0,6.3147794351881705
0.0,0.0
12.0,12.113358655967335
13.0,12.605846043767443
13.0,12.066494580739938
12.0,12.3482890319991
0.0,0.0
14.0,12.681603859267362
0.0,1.6
14.0,12.207118741425917
12.0,12.632402291262062
12.0,12.254362631783504
0.0,0.0
0.0,0.0
0.0,0.0
0.0,0.0
14.0,12.539866856855701
13.0,12.302293258687898
13.0,13.042374118901988
0.0,0.0
14.0,12.430261113396778
0.0,0.0
13.0,12.517076460389317
0.0,0.0
0.0,0.03
13.0,11.70409090909091
0.0,0.0
12.0,12.32108967862595
12.0,12.294845448891024
14.0,12.751167471124617
12.0,12.535595874923697
0.0,0.0
14.0,12.306308724832215
12.0,12.73126415122136
0.0,0.0
12.0,12.211493190555474
7.0,7.066054617117117
0.0,0.0
0.0,0.0
0.0,0.0
12.0,13.187427893858075
0.0,0.195
12.0,12.68717691113905
0.0,0.0
13.0,12.403182055780253
0.0,0.0
0.0,0.0
0.0,0.0
12.0,12.665
14.0,12.422210857729047
0.0,0.0
13.0,11.425930595302372
0.0,0.0
0.0,0.0
13.0,12.318029042168414
13.0,12.437499556249731
0.0,0.0
0.0,0.0
12.0,12.24853525206256
13.0,13.2025
13.0,12.346243750094509
14.0,12.364284991621936
0.0,0.0
12.0,10.955
0.0,0.0
0.0,0.0
0.0,0.0
0.0,0.0
13.0,12.718287959268407
12.0,12.47450608229569
12.0,11.661230158730161
13.0,12.517071481933622
13.0,12.853437100536974
0.0,0.0
0.0,0.0
0.0,0.0
14.0,12.716765024930687
12.0,12.128128789234657
0.0,0.0
0.0,0.0
12.0,12.447792658651661
0.0,0.0
13.0,12.83163303430565
12.0,12.375487752241515
0.0,0.0
0.0,0.0
0.0,0.0
12.0,12.32559481221692
12.0,11.155
13.0,12.78166494898532
6.0,6.814568376068376
14.0,12.145419026870309
0.0,0.0
0.0,0.0
12.0,12.59737644257712
12.0,11.99027071850793
0.0,0.0
0.0,0.0
0.0,0.0
0.0,0.0
0.0,0.0
0.0,0.0
0.0,0.0
0.0,0.0
0.0,0.0
0.0,0.0
0.0,0.0
13.0,12.358272345494225
12.0,12.269331289076947
13.0,12.289275028774822
12.0,12.516908427376046
12.0,12.663929103548123
0.0,0.0
0.0,0.0
0.0,0.0
12.0,12.349005311150565
5.0,8.487811566583444
0.0,0.0
12.0,12.315252827979677
0.0,0.0
0.0,0.0
12.0,11.552171717171719
12.0,12.182832476921314
0.0,0.21
0.0,0.0
0.0,0.0
13.0,13.118528269070337
13.0,12.765276143275903
0.0,0.0
0.0,0.06
0.0,0.0
0.0,0.0
0.0,0.0
12.0,12.052497276271701
0.0,0.0
12.0,12.512629957851583
0.0,0.0
0.0,0.0
13.0,12.835890871720915
0.0,0.0
0.0,0.0
0.0,0.0
12.0,12.540519581291862
12.0,12.621313256216304
0.0,0.0
12.0,12.460516994230007
12.0,10.355883838383711
12.0,12.833890175770897
0.0,0.0
0.0,0.0
13.0,12.240661867923457
12.0,12.403421271327796
0.0,0.0
12.0,12.573027693038616
12.0,12.497835081111928
0.0,0.0
6.0,6.18482494762205
12.0,12.635212542028972
13.0,12.922590464276574
0.0,0.0
0.0,0.0
0.0,0.0
12.0,12.543570398816199
0.0,0.0
0.0,0.0
0.0,0.0
0.0,0.0
0.0,0.0
0.0,0.0
14.0,9.377801848475
0.0,0.0
0.0,0.0
0.0,0.0
12.0,12.223281868039162
0.0,0.0
0.0,0.0
13.0,12.050702498640982
12.0,12.255471493969603
0.0,0.0
13.0,12.327799215864996
12.0,12.361072034141483
0.0,0.0
0.0,0.0
12.0,12.421003797726872
12.0,12.282686180049964
0.0,0.02
0.0,0.0
0.0,0.0
0.0,0.0
12.0,6.797208333333333
0.0,0.0
0.0,0.0
12.0,12.27791811231632
0.0,0.0
0.0,0.0
13.0,13.20046469622332
0.0,0.0
13.0,12.250736043895571
6.0,6.588256093509417
0.0,0.0
0.0,0.0
2.0,10.886666666666667
12.0,12.884060628096904
0.0,0.0
12.0,9.459898494170908
6.0,8.437552566245754
7.0,6.17339671913654
0.0,0.0
13.0,12.294936360288514
12.0,12.649607007060649
0.0,0.0
12.0,12.530387198365577
0.0,0.0
13.0,12.571018339216003
6.0,5.725
12.0,12.524266010617705
12.0,12.618385042811779
12.0,12.687066591568382
12.0,11.934723667191815
0.0,0.0
0.0,0.0
12.0,12.425870067741025
0.0,0.3
13.0,10.775756382017725
0.0,0.0
0.0,0.0
0.0,0.0
0.0,0.77
0.0,0.0
12.0,12.647713800739773
0.0,0.0
0.0,0.0
0.0,0.0
12.0,13.103834331563924
0.0,0.0
12.0,12.47237104695878
0.0,0.0
12.0,12.29388898998759
0.0,0.0
0.0,0.14
12.0,12.26125569767858
0.0,0.0
6.0,6.428213933790249
0.0,7.97
12.0,12.400172140526303
0.0,0.0
0.0,0.0
11.0,9.22
13.0,10.033076923076925
0.0,0.0
12.0,12.01085897913864
14.0,12.43062988125313
0.0,0.0
12.0,12.270028492324576
13.0,12.31741608618385
13.0,12.293490526895017
0.0,0.0
0.0,0.0
12.0,13.139337511756267
0.0,0.0
0.0,0.0
0.0,0.11
0.0,0.0
7.0,6.3847696903961335
0.0,0.0
5.0,5.31
14.0,12.600200099354717
0.0,0.0
0.0,0.0
0.0,0.0
0.0,0.0
0.0,0.0
12.0,12.217710272232466
12.0,12.281356739193482
14.0,12.38135402165059
14.0,12.30116971607236
0.0,0.0
0.0,0.0
0.0,0.0
13.0,12.679481406089394
0.0,0.0
12.0,12.36338442596616
13.0,12.472671674123797
13.0,12.347489936861988
0.0,0.0
12.0,12.532973889242848
0.0,0.0
12.0,12.529403768284086
0.0,0.0
13.0,13.013552359101164
0.0,0.0
0.0,0.0
13.0,12.922112912962804
0.0,0.0
12.0,12.510804974324488
0.0,0.0
12.0,12.82779246394527
12.0,12.159629082920787
15.0,12.771552693851673
14.0,11.950863452152726
12.0,12.277475925636772
0.0,0.0
0.0,0.0
13.0,12.588218430488858
0.0,0.0
12.0,12.804423046824049
0.0,0.0
14.0,12.036630304780758
12.0,12.410638198812297
0.0,0.0
6.0,6.249684307107601
13.0,13.17274626567175
12.0,12.563830852000194
0.0,0.005
12.0,13.164547835935997
12.0,12.444028714644626
12.0,11.73097564482619
12.0,12.376400128970486
13.0,12.505049685740216
0.0,0.0
0.0,0.0
7.0,6.855314369503059
0.0,0.14
12.0,12.286083779944782
12.0,12.1261416511689
6.0,6.145830255563807
0.0,0.0
0.0,0.0
0.0,0.0
0.0,0.0
0.0,0.0
12.0,12.360123270510861
12.0,7.265
12.0,12.072050788722175
12.0,12.441892917068856
0.0,1.315
13.0,12.83442235874058
13.0,12.27683747719113
12.0,13.127384754701293
0.0,0.045
12.0,12.206012862572345
12.0,12.227339959343329
12.0,12.344009080088851
13.0,12.510027739786578
13.0,12.545704030119802
0.0,0.0
0.0,0.0
12.0,12.43730853426938
0.0,0.0
0.0,0.0
0.0,0.0
12.0,12.715050245945044
12.0,12.421049478245372
0.0,0.0
0.0,0.07
0.0,0.0
0.0,0.0
12.0,12.987709601315252
0.0,0.0
2.0,2.99
0.0,0.0
12.0,12.847953504726945
13.0,13.285376334254536
0.0,0.0
12.0,12.122528311263146
0.0,0.0
6.0,6.400578187596332
0.0,0.0
0.0,0.0
0.0,0.0
12.0,12.332661886963487
0.0,0.25
13.0,12.49286557451404
12.0,12.773317065967142
7.0,6.185364596892108
14.0,12.771326418000205
0.0,0.0
0.0,0.0
0.0,0.0
13.0,12.692944493006994
12.0,12.120173931347525
13.0,12.760261034577583
12.0,12.4749600917795
0.0,0.0
9.0,11.853757427406165
12.0,12.771716417910447
0.0,0.0
6.0,6.125453851926799
13.0,12.843853117762055
0.0,0.0
0.0,0.0
13.0,12.412472454496369
0.0,0.0
0.0,0.0
0.0,0.0
0.0,0.0
0.0,0.0
7.0,6.185133187794329
12.0,12.446074233999024
12.0,12.575637661259254
13.0,12.364089482616853
12.0,12.234124028406356
14.0,12.550541533792718
0.0,0.0
0.0,0.0
14.0,12.683495254967092
12.0,12.515852854525649
13.0,12.045090783279203
12.0,10.81866668282455
15.0,12.604831259018761
13.0,12.398429230817301
13.0,12.408618831694858
0.0,0.0
0.0,0.0
0.0,0.0
13.0,12.861527814629532
0.0,0.0
0.0,0.0
0.0,0.0
0.0,0.0
14.0,12.481305308788706
13.0,13.108438577065236
0.0,0.0
0.0,0.0
12.0,12.242788499617529
13.0,12.939804894930594
14.0,12.984022947853394
0.0,0.0
0.0,0.0
12.0,12.37817226569487
0.0,0.0
0.0,0.0
12.0,12.367309458161106
12.0,12.28481175503998
0.0,0.05
0.0,0.0
0.0,0.0
12.0,11.669083103283667
0.0,0.0
12.0,10.445303895056275
0.0,0.0
0.0,0.0
12.0,12.833188962813438
13.0,12.166694810667671
0.0,0.0
0.0,0.0
12.0,12.36789388972671
13.0,12.766119692911314
0.0,0.0
13.0,12.168425561931357
0.0,0.0
13.0,12.304466014925497
0.0,0.0
12.0,12.239445154834021
6.0,6.825594860548808
12.0,12.869816017316019
0.0,0.0
12.0,11.971346599514641
14.0,12.911498904768013
0.0,0.0
12.0,12.587660057394476
0.0,0.0
0.0,0.0
0.0,0.0
13.0,12.435
0.0,0.0
12.0,12.156448710000523
12.0,13.066494959925365
0.0,0.0
0.0,0.0
13.0,12.025
0.0,0.0
0.0,0.0
12.0,12.536469475681253
0.0,0.0
0.0,0.0
11.0,12.528140717911484
13.0,12.442508321375968
0.0,0.0
14.0,12.31364892869005
10.0,11.962371760220782
6.0,6.613760733694967
0.0,0.0
0.0,0.0
13.0,12.453771984927785
0.0,0.0
6.0,6.289002011010251
0.0,0.0
12.0,12.645483862164564
0.0,0.0
12.0,12.095584213517338
12.0,13.017063143765903
0.0,0.0
13.0,12.975389137383942
0.0,0.0
14.0,12.372346129491305
0.0,0.0
12.0,12.286826740631039
0.0,0.0
12.0,12.56079678900308
0.0,0.0
0.0,0.0
14.0,12.454810673244149
13.0,12.47338775881348
0.0,0.0
12.0,4.4
0.0,0.0
0.0,0.0
13.0,12.232479728030894
0.0,0.0
0.0,0.0
0.0,0.0
13.0,12.47597409729377
0.0,0.0
0.0,0.0
12.0,12.409214162642684
0.0,0.0
0.0,0.0
14.0,12.890292603023292
13.0,12.287638511329668
0.0,0.0
12.0,12.01878661708496
6.0,6.143224239349358
0.0,0.0
13.0,12.171764561166576
0.0,0.0
13.0,12.554045787913028
0.0,0.0
0.0,0.0
13.0,11.921367593117608
12.0,12.32478299858543
12.0,12.503785161252438
0.0,0.0
6.0,6.447271872466222
0.0,0.0
0.0,0.0
0.0,0.0
0.0,0.0
14.0,12.068768268609608
0.0,0.0
0.0,0.0
12.0,12.403299804042772
12.0,12.11876193534074
0.0,0.0
0.0,0.0
12.0,12.312301587301588
13.0,12.520440293223634
0.0,0.0
0.0,0.0
12.0,12.34771946723888
0.0,0.0
0.0,0.0
12.0,12.477022342583284
12.0,12.373133477079122
14.0,12.27784332806446
0.0,0.0
0.0,0.0
0.0,0.4025
0.0,0.0
13.0,12.772569025672249
0.0,0.0
12.0,12.408361818998614
13.0,12.771332504929951
14.0,12.366972313338358
0.0,0.0
0.0,0.0
0.0,0.32
13.0,12.44994990087795
10.0,12.077609092669093
12.0,12.651845222562756
0.0,0.0
14.0,11.973861824938345
12.0,12.367388418252647
0.0,0.0
11.0,12.987142166922307
0.0,0.0
12.0,12.787241856479568
14.0,12.778742430391665
0.0,0.0
0.0,0.0
0.0,0.0
0.0,0.0
13.0,12.529940702308
0.0,0.0
0.0,0.0
13.0,11.915715370079887
0.0,0.0
0.0,0.0
12.0,11.70809631447308
0.0,0.0
13.0,12.4294730321252
0.0,0.0
12.0,11.931247206456296
13.0,12.46565336134454
0.0,0.0
0.0,0.0
13.0,11.958373929776187
0.0,0.0
0.0,0.0
12.0,12.94088281163281
12.0,12.393261068405133
0.0,0.0
7.0,6.0215
13.0,12.562645990391443
0.0,0.0
13.0,11.942886009835298
13.0,12.321169293129856
12.0,12.913743661222792
0.0,0.0
13.0,11.918432567432564
0.0,0.0
0.0,0.0
12.0,12.710405173848867
0.0,0.0
6.0,6.567634814220813
12.0,12.305886160521062
12.0,12.09659705639812
12.0,12.670041063171906
12.0,12.282294515661292
12.0,13.019552530272254
12.0,12.353281508748985
13.0,12.719204110028652
0.0,0.0
12.0,12.221741520268997
0.0,0.0
8.0,9.93323346991991
0.0,0.0
0.0,0.0
7.0,6.691567078754579
0.0,0.0
12.0,12.322074288978223
0.0,0.0
0.0,0.0
0.0,0.0
12.0,12.388298624003133
13.0,12.423201212181366
0.0,0.0
0.0,0.0
12.0,12.504288795995171
0.0,0.0
0.0,0.0
0.0,0.0
0.0,0.0
0.0,0.0
0.0,0.0
0.0,0.0
0.0,0.0
12.0,12.323764893267068
12.0,12.328263451027777
0.0,1.325
12.0,12.848271151112375
13.0,11.450741103037794
0.0,0.0
13.0,12.8257313069853
1.0,0.065
0.0,0.0
13.0,12.455825261100934
0.0,0.0
0.0,0.0
13.0,13.031731362982946
14.0,12.429294773161669
0.0,0.0
0.0,0.0
14.0,12.879727810819823
12.0,12.278241977640945
0.0,0.0
12.0,11.92298794580943
12.0,12.708538415693237
0.0,0.0
0.0,0.0
13.0,7.808831168831169
0.0,0.0
14.0,12.909424436654476
12.0,12.458632849521615
0.0,0.0
0.0,0.0
0.0,0.0
12.0,12.386625449707587
12.0,12.679075249559464
6.0,6.85863856507193
0.0,0.0
0.0,0.0
0.0,0.0
0.0,0.0
0.0,0.0
0.0,0.0
12.0,12.294932889459721
12.0,12.269396414656601
12.0,12.680931662399805
0.0,0.0
0.0,0.0
0.0,0.0
12.0,12.50160822330278
0.0,0.0
12.0,11.789107848673066
0.0,0.0
9.0,12.425578294405518
6.0,6.437953141205929
7.0,5.045
14.0,12.145162890474646
1.0,5.885634351301496
0.0,0.0
0.0,0.0
0.0,0.0
0.0,0.0
13.0,13.136537103593518
0.0,0.0
9.0,12.717399010614598
0.0,0.0
0.0,0.0
0.0,0.0
0.0,0.57
13.0,12.319645621484822
0.0,0.0
0.0,0.0
0.0,0.0
0.0,0.0
0.0,0.0
12.0,12.021431340397287
0.0,0.0
0.0,0.0
12.0,12.306102207966514
0.0,0.42
12.0,12.284578674552211
13.0,12.778108990036587
13.0,12.393937299844097
11.0,12.405969754700315
0.0,0.0
0.0,0.0
12.0,12.467106772646753
12.0,9.635
6.0,6.105750779305346
12.0,12.245177406247135
0.0,0.0
12.0,12.496601169200046
12.0,12.482416709822225
0.0,0.0
0.0,0.0
13.0,9.80953373015873
0.0,0.0
0.0,0.0
13.0,12.241161533290553
14.0,12.119104966734607
0.0,0.0
0.0,3.255
13.0,12.30126319440013
0.0,0.0
13.0,12.19510197733807
0.0,0.0
0.0,0.0
12.0,12.643483934123763
0.0,0.0
0.0,0.0
12.0,12.3593470433168
0.0,0.0
13.0,12.581501190288835
0.0,0.0
12.0,13.033705937782264
0.0,0.0
5.0,4.293740652741588
13.0,12.432567549440337
0.0,0.915
0.0,0.0
0.0,0.2
12.0,12.54983172528561
12.0,12.441453970972011
13.0,13.126193982950674
0.0,0.0
14.0,12.336018734749906
0.0,0.0
0.0,0.0
0.0,0.0
12.0,12.346404259398785
12.0,12.70586269737561
12.0,12.01878661708496
12.0,12.686261317924961
6.0,6.632758365972844
0.0,0.0
0.0,0.0
0.0,0.0
12.0,13.331606644977123
12.0,12.731741350072255
0.0,0.0
0.0,0.0
13.0,12.576424917573691
0.0,0.0
0.0,0.0
0.0,0.0
0.0,0.0
0.0,1.6425
13.0,12.32836744063792
6.0,6.984358798007828
13.0,12.495263180175389
12.0,12.460504248090604
13.0,12.333095699641147
0.0,0.0
0.0,0.0
14.0,12.889897654174227
0.0,0.28
13.0,12.58858777140921
12.0,12.269636171300004
0.0,0.0
13.0,12.413962830363982
14.0,10.982506083748317
13.0,12.458518749101398
0.0,0.0
13.0,12.45894650349576
0.0,0.0
0.0,0.0
14.0,12.451701139859901
13.0,12.180727771145868
0.0,0.0
13.0,12.846613551866376
0.0,0.0
0.0,0.0
12.0,11.716902168514594
13.0,12.44474993890396
12.0,12.462469187675069
12.0,12.017544626447698
14.0,12.282853535353535
12.0,12.226837916264467
8.0,6.1776398118417175
13.0,12.980332188353946
0.0,0.0
0.0,0.0
7.0,6.1450987576855525
13.0,11.822148080074724
6.0,6.07821519666853
0.0,0.0
0.0,0.0
13.0,11.61554531571368
0.0,0.0
12.0,12.75805432255262
0.0,0.0
6.0,6.2968205406542985
0.0,0.0
0.0,0.0
0.0,0.0
14.0,12.259170335985855
0.0,0.0
0.0,0.0
0.0,0.0
0.0,0.0
0.0,0.0
0.0,0.0
14.0,12.714356497875228
12.0,12.39600782539161
0.0,0.0
13.0,12.314465532171928
0.0,0.0
0.0,0.0
12.0,11.212160256410257
7.0,6.302775377535735
0.0,0.0
0.0,0.0
0.0,0.0
0.0,0.0
12.0,12.490534469477469
0.0,0.0
7.0,7.67
13.0,12.43781267369729
13.0,12.592986114042676
13.0,12.576058548423287
0.0,0.0
11.0,12.071299230775978
13.0,12.1360421390204
0.0,0.0
12.0,12.761205731760832
12.0,12.601052575314878
0.0,0.0
0.0,0.0
12.0,12.33904369244648
0.0,0.0
0.0,0.0
0.0,0.0
0.0,0.0
13.0,12.21921007446045
12.0,12.648450409597743
12.0,13.050364048136517
0.0,0.0
12.0,12.090071428571429
0.0,0.0
13.0,12.277033893466491
0.0,0.0
13.0,12.537389095895573
0.0,0.0
0.0,0.0
0.0,0.0
13.0,11.958876582194243
13.0,12.429319285162151
0.0,0.165
0.0,0.0
0.0,0.0
13.0,12.407639153974351
0.0,0.0
0.0,0.135
0.0,0.0
13.0,12.655
0.0,0.0
6.0,6.487153833027249
12.0,12.314096419486145
12.0,12.760409257007657
14.0,12.875810975636583
13.0,12.73230408176362
0.0,0.0
0.0,0.0
12.0,12.822587922619253
14.0,12.57085413202379
0.0,0.0
12.0,12.524748484532687
0.0,0.0
14.0,11.907917895998526
13.0,12.82903936565697
0.0,0.0
0.0,0.0
13.0,12.123410694992094
0.0,0.0
0.0,0.0
0.0,0.0
12.0,12.57840297851005
12.0,12.933004693738122
6.0,6.465452990745965
13.0,12.684198382092996
0.0,0.0
14.0,12.359761571761572
0.0,0.0
0.0,0.0
12.0,11.931500000000002
0.0,0.0
13.0,12.368077404511148
6.0,6.545764313395922
0.0,0.0
13.0,12.312792794043899
0.0,0.0
6.0,6.347279791383726
0.0,0.0
0.0,0.0
0.0,0.0
0.0,0.1
0.0,0.0
0.0,0.0
0.0,0.0
0.0,0.0
0.0,0.0
0.0,0.0
0.0,0.0
12.0,12.113213744600062
12.0,12.812471800325447
12.0,12.352197227064732
13.0,12.681603432874944
0.0,0.0
0.0,0.0
0.0,0.0
0.0,0.0
6.0,4.509166666666666
13.0,13.06095639589169
12.0,12.421685163349895
14.0,12.829818229260054
6.0,6.738346059164047
0.0,0.0
0.0,0.0
0.0,0.0
0.0,0.0
0.0,0.0
12.0,12.332267817193667
0.0,0.0
13.0,12.758130191659554
0.0,0.0
0.0,0.0
12.0,12.069206473265343
0.0,0.0
0.0,0.0
12.0,12.614090045159564
12.0,12.384389437120488
13.0,12.254922491477691
0.0,0.0
12.0,12.490985380248746
12.0,12.319093875779696
12.0,12.399649506429165
0.0,0.0
0.0,0.0
12.0,12.608631718074514
0.0,0.0
0.0,0.0
0.0,0.0
13.0,12.643601554203483
14.0,12.645103068500127
0.0,0.0
13.0,12.859780570635047
0.0,0.0
12.0,12.16399584789677
0.0,0.0
6.0,7.73
0.0,0.0
0.0,0.0
12.0,13.33848904597861
13.0,13.1123593861106
0.0,0.0
0.0,0.0
12.0,12.501689405320578
12.0,12.350639307843231
12.0,11.763742341286065
0.0,0.0
0.0,0.0
0.0,0.0
7.0,6.558539696361173
13.0,12.619457218079468
0.0,0.0
0.0,0.0
12.0,12.578314727610959
10.0,12.166394308154059
13.0,12.498009842832735
13.0,13.124238119536233
0.0,0.0
0.0,0.0
0.0,0.0
0.0,0.0
0.0,0.0
0.0,0.0
0.0,0.0
6.0,6.346043633600038
0.0,0.0
13.0,12.522272717716072
0.0,0.0
0.0,0.0
0.0,0.0
13.0,12.647784090989731
0.0,0.0
0.0,0.0
13.0,12.560256091268
0.0,0.0
12.0,12.460589013684842
0.0,0.0
0.0,0.0
0.0,0.0
6.0,6.172000000000001
10.0,11.55750855483717
13.0,12.378291658897217
12.0,12.238029697232518
0.0,0.0
0.0,0.0
6.0,6.893509331680885
12.0,11.817017126151299
0.0,0.0
6.0,2.97
6.0,5.65
0.0,8.28
13.0,12.484711067444147
0.0,0.0
7.0,6.051380080799072
0.0,0.28
12.0,12.19359928344415
0.0,0.0
0.0,0.0
7.0,6.23
0.0,0.0
13.0,12.324044332865263
13.0,12.922287168662924
12.0,12.62192937227358
12.0,12.730833333333333
12.0,12.369891702443503
12.0,12.621509292023584
13.0,12.444145399083707
0.0,0.195
13.0,12.379786095612236
0.0,0.0
0.0,0.0
10.0,12.158989988572337
12.0,12.444110112007404
0.0,0.0
12.0,12.298728882382152
0.0,0.0
12.0,12.505186846404946
12.0,12.380527318710845
12.0,12.449806800081419
0.0,0.0
12.0,12.436711291964208
13.0,12.812027839694913
0.0,0.0
0.0,0.0
6.0,6.161419248453753
0.0,0.005
0.0,0.0
0.0,0.0
13.0,12.838323837679054
12.0,12.544840670491345
0.0,0.0
0.0,0.0
13.0,12.572586103442495
12.0,12.413122194526625
12.0,12.230074604583505
0.0,0.0
12.0,12.26273163298082
0.0,0.0
0.0,0.0
0.0,0.0
0.0,0.0
13.0,12.167832099304569
12.0,12.025569852121993
13.0,12.553330456176134
12.0,12.268972574925577
0.0,0.0
12.0,11.998203668479984
13.0,12.561783040735587
12.0,12.172958499146613
0.0,0.0
0.0,0.0
0.0,0.0
6.0,4.35
12.0,11.724962765957448
0.0,0.0
12.0,12.485188913737538
12.0,12.074963306075151
12.0,12.558389311356402
13.0,12.748640692640693
12.0,12.096330248749982
12.0,12.461625725896624
12.0,12.55
13.0,12.449442720478023
12.0,12.359642662014764
0.0,0.0
0.0,0.0
0.0,0.0
12.0,12.492722917370992
0.0,0.0
12.0,11.835
12.0,12.926829354873032
0.0,0.0
12.0,12.329621525451048
13.0,12.360838044895877
0.0,0.0
12.0,11.9
0.0,0.0
14.0,12.216065734181761
0.0,0.0
0.0,0.15
12.0,12.58084172197288
8.0,6.284444872690058
0.0,0.0
0.0,0.0
0.0,0.0
0.0,0.0
0.0,0.0
12.0,12.356290844760231
0.0,0.0
13.0,12.628061291862778
0.0,0.0
14.0,12.164353465186181
0.0,0.0
0.0,0.0
6.0,6.048908726961749
12.0,12.280485331988462
0.0,0.0
12.0,12.378223845649007
13.0,12.883077057552633
0.0,1.12
13.0,12.45065604126266
14.0,12.725126212318964
12.0,12.767817762588422
0.0,0.0
14.0,12.752035889397957
12.0,12.339650410841982
13.0,12.11776833460657
0.0,0.0
0.0,0.0
12.0,12.523492135454724
12.0,12.408133162873536
12.0,12.296822784667011
12.0,12.295093098325047
0.0,0.0
0.0,0.0
0.0,0.0
13.0,12.330069830602657
0.0,0.0
12.0,12.046321085017855
0.0,0.0
0.0,0.0
13.0,12.386420169633213
12.0,12.434519774162856
0.0,0.455
13.0,12.504823850838225
13.0,13.008464410303786
0.0,0.0
0.0,0.0
0.0,0.14
6.0,6.461304642453143
0.0,0.14
12.0,12.373123599199996
0.0,0.0
12.0,12.227851923472848
9.0,7.035664377289376
0.0,0.0
0.0,0.0
0.0,0.0
13.0,12.449187649881107
13.0,12.893169837153748
14.0,12.224335297109747
13.0,12.062429219201471
1.0,0.0
0.0,0.0
0.0,0.0
0.0,0.0
0.0,0.0
13.0,12.343565074422123
0.0,0.0
0.0,0.0
6.0,0.5
7.0,6.435123327775408
12.0,12.250225053144153
0.0,0.0
0.0,0.0
0.0,0.0
12.0,12.583377629377415
0.0,0.0
13.0,12.201710987291456
8.0,12.44
0.0,0.0
0.0,0.0
0.0,0.0
0.0,0.0
0.0,0.0
0.0,0.0
13.0,12.512081915280955
0.0,0.0
12.0,12.283867474194055
0.0,0.0
6.0,6.421675408874494
0.0,0.0
13.0,12.618382082507605
14.0,12.509680715504325
0.0,0.0
0.0,0.0
0.0,0.0
0.0,0.0
13.0,12.550833333333335
13.0,12.548226646233195
12.0,10.799430066198354
14.0,12.695758448893253
12.0,12.094881831041294
14.0,10.705085761776512
0.0,0.0
13.0,12.957383928855982
0.0,0.0
6.0,6.270383441333797
14.0,12.299948683985129
12.0,12.798016504292457
12.0,12.635575762836492
12.0,12.499249930886727
0.0,0.0
12.0,12.87532003706501
0.0,0.0
0.0,0.0
0.0,0.0
14.0,12.232631612926303
0.0,0.0
0.0,0.0
0.0,0.0
0.0,0.0
0.0,0.0
13.0,12.590483945595059
0.0,0.0
0.0,0.0
13.0,12.340785880220654
0.0,0.0
12.0,12.5975244755904
7.0,6.694722222222222
9.0,11.764262616187148
11.0,12.376234319549646
12.0,12.362773060049328
0.0,0.0
0.0,0.0
0.0,0.015
0.0,0.0
10.0,12.099074308603575
0.0,0.0
13.0,12.72725393880079
0.0,0.0
13.0,12.426053345424714
0.0,0.0
13.0,12.443166303768473
0.0,0.0
12.0,12.678005353470978
13.0,12.113798796551908
0.0,0.0
12.0,12.53979564184426
12.0,12.81283998191539
0.0,0.0
0.0,0.0
14.0,12.066160359602534
13.0,12.464528376516075
6.0,6.374378105652569
14.0,12.839517838515853
0.0,0.0
0.0,0.0
0.0,0.0
12.0,12.31535515947137
0.0,0.0
7.0,7.0402028394682254
13.0,12.818972253672255
0.0,0.0
0.0,0.0
0.0,0.0
12.0,10.35
12.0,12.411368267259057
14.0,12.300592893191197
0.0,0.0
12.0,12.439508442273286
12.0,12.626030225398537
13.0,12.071106080214552
13.0,12.369000977127818
12.0,12.433069280567802
13.0,12.449597364073222
13.0,12.232767548372179
0.0,0.0
14.0,12.947533412611124
0.0,0.0
12.0,12.53041887654515
13.0,12.61775120303121
1.0,7.45
0.0,0.0
12.0,12.247199407161627
0.0,0.0
0.0,0.0
13.0,12.285001916938214
0.0,0.0
12.0,12.424645887035405
0.0,0.0
0.0,0.0
0.0,0.0
14.0,12.26676907119256
12.0,12.690914831526516
0.0,0.0
0.0,0.0
0.0,0.0
12.0,12.274565752214494
0.0,0.0
12.0,12.196043441441663
13.0,12.553576355606376
6.0,5.815
13.0,12.653323946015703
12.0,12.943558298449881
0.0,0.0
0.0,0.0
0.0,0.0
12.0,6.885
12.0,12.328945806550774
0.0,0.0
0.0,0.0
0.0,0.0
0.0,0.0
0.0,0.0
0.0,0.0
14.0,12.73325
6.0,7.745
13.0,12.565182096831483
0.0,0.0
0.0,0.0
6.0,6.549773893711591
0.0,0.0
0.0,0.0
12.0,13.054021160933788
13.0,12.756710448406388
12.0,12.2652744069194
12.0,12.60750122175122
0.0,0.9
13.0,11.862366446034036
12.0,12.487887652613862
0.0,0.0
12.0,12.643507400896748
0.0,0.0
1.0,0.005
13.0,12.588458009929736
0.0,0.0
12.0,12.727272674778929
0.0,0.0
0.0,0.0
0.0,0.0
0.0,0.0
0.0,0.0
13.0,12.194683315438242
0.0,0.0
0.0,0.0
0.0,0.0
0.0,0.0
0.0,0.0
0.0,1.22
12.0,12.190843182190253
13.0,12.518436979796816
0.0,0.375
13.0,12.995613066879054
0.0,0.0
12.0,12.390389703968811
0.0,0.0
0.0,0.0
0.0,0.025
13.0,13.21430459669824
13.0,12.31819817275345
0.0,0.0
11.0,12.523480253149078
12.0,12.180812793369283
12.0,12.177416456117951
7.0,5.776
12.0,11.922974926835515
0.0,0.0
0.0,0.0
0.0,0.0
0.0,0.0
12.0,12.587335118695911
13.0,10.983432015353067
12.0,12.234101045934727
13.0,12.927705838540405
7.0,6.69567735710266
0.0,0.0
0.0,0.0
13.0,12.535469408975684
12.0,12.430105755268034
13.0,12.666745117729997
0.0,0.0
0.0,0.0
1.0,0.375
0.0,0.0
12.0,12.35714361255146
10.0,12.072179099230247
12.0,12.563213239966068
0.0,0.0
13.0,12.777073975895632
12.0,12.336846305089594
12.0,12.271671559449471
12.0,12.249263805533245
0.0,0.0
6.0,6.30449646960505
0.0,0.0
14.0,12.29886055175144
9.0,12.210584385960642
12.0,12.926311842383443
13.0,13.169980345741214
12.0,12.39072151113178
0.0,0.0
14.0,12.416447365303286
7.0,6.141350661991387
0.0,0.0
0.0,0.0
0.0,0.0
12.0,12.392770675480467
12.0,12.329858143449151
0.0,0.0
0.0,0.0
13.0,11.701789654523568
12.0,12.960807350682884
0.0,0.0
0.0,0.0
0.0,0.0
13.0,13.068181926828302
13.0,12.06874154057934
0.0,5.915
0.0,0.06
0.0,0.0
6.0,1.77
0.0,0.0
0.0,0.0
0.0,0.0
13.0,12.732718064409678
13.0,12.616654055137532
13.0,13.130823517246851
13.0,13.023940021983124
12.0,12.858534810035403
13.0,12.391222334592833
12.0,12.851173396324992
0.0,0.0
0.0,0.0
0.0,0.0
0.0,0.0
13.0,12.721519224802769
12.0,12.29757203809596
12.0,12.732350004735768
6.0,6.809814128551627
0.0,0.0
0.0,0.0
12.0,12.32090226024585
0.0,0.0
12.0,12.30703614904808
12.0,12.388208805097884
13.0,12.217237714035761
9.0,12.249057427061594
0.0,0.035
14.0,12.320987824078227
0.0,0.0
0.0,0.09
0.0,0.0
13.0,11.628624950872577
0.0,0.0
13.0,12.616011692345385
0.0,0.0
12.0,12.670673831673088
0.0,0.0
7.0,6.183525804009801
0.0,0.0
0.0,0.0
6.0,6.075
0.0,0.0
0.0,0.405
0.0,0.0
0.0,0.0
0.0,0.0
12.0,12.610084944862386
12.0,11.967461071053547
13.0,9.332441613672623
13.0,12.552242364629999
0.0,0.0
0.0,0.0
13.0,12.598573919140868
12.0,12.329375170551554
0.0,0.0
0.0,0.0
0.0,0.0
12.0,12.433501974310662
0.0,0.0
7.0,6.9395595994516555
0.0,0.0
12.0,12.666308724832215
0.0,0.0
12.0,12.526893403465408
0.0,0.03
0.0,0.0
14.0,12.871206210344814
12.0,12.339535938752714
13.0,12.492633966431171
6.0,6.119187726630943
12.0,12.31417646751226
13.0,12.332476344301684
0.0,0.0
11.0,11.985659550139886
12.0,12.11794792686566
0.0,0.0
0.0,0.0
12.0,12.271218890968646
12.0,12.250417851111143
14.0,12.6604277552158
0.0,0.0
0.0,0.0
13.0,9.998350311262026
7.0,6.4096976699319805
0.0,0.065
0.0,0.0
13.0,12.686480605896923
0.0,0.0
0.0,0.0
6.0,6.175612117777302
0.0,0.0
14.0,12.116918280730115
14.0,12.799403921194106
0.0,2.1861585365853657
0.0,0.0
9.0,12.957368536408532
0.0,0.0
0.0,0.0
0.0,0.0
12.0,12.19518334251478
0.0,1.89
12.0,12.719806131852295
12.0,12.003425227776859
0.0,0.0
0.0,0.0
0.0,0.0
0.0,0.0
13.0,12.750444437189365
12.0,12.341202144315353
14.0,11.884517837609446
0.0,0.0
12.0,12.317703298983403
12.0,13.19758156293332
12.0,12.211494151570255
0.0,0.0
13.0,12.346756618949271
12.0,12.33
12.0,12.176693924879293
14.0,12.41952380952381
0.0,0.0
0.0,0.0
12.0,12.15279494930143
14.0,12.420386154359653
0.0,0.0
0.0,0.0
7.0,6.216175631055446
12.0,11.0814246246117
0.0,1.915
0.0,0.0
0.0,0.0
0.0,0.0
0.0,0.0
0.0,0.0
0.0,0.0
0.0,0.035
0.0,0.0
0.0,0.0
0.0,0.0
0.0,0.0
13.0,12.745622293067129
6.0,6.551313446190296
0.0,0.0
13.0,12.473357375302871
12.0,12.73465247769853
0.0,0.0
0.0,0.0
12.0,12.481735257758107
0.0,0.0
8.0,6.089247166051885
12.0,12.005558271736692
13.0,13.290165743802767
12.0,12.383921540613523
0.0,0.0
0.0,0.0
13.0,12.87428978115045
12.0,11.04665285053929
6.0,2.745
13.0,12.419461280549058
0.0,0.0
0.0,0.0
13.0,12.553627678127732
0.0,0.0
0.0,0.0
0.0,0.0
6.0,6.314538873291814
0.0,0.0
0.0,0.0
13.0,13.195542154059254
12.0,13.174104166666666
12.0,12.21554441646736
0.0,0.0
12.0,10.76625
12.0,12.071483849357218
13.0,12.181845215584058
12.0,12.736240992399335
14.0,12.880448654527894
1.0,1.8167179559570863
0.0,0.0
12.0,12.189571428571428
0.0,0.0
13.0,12.54228034513235
0.0,0.44
13.0,11.154489767217186
13.0,11.721143648018646
0.0,0.0
7.0,5.668174937238582
0.0,0.085
0.0,0.0
0.0,0.0
0.0,0.0
13.0,12.307331029912374
0.0,0.0
13.0,12.785870894234854
12.0,12.335143416768414
0.0,0.0
12.0,11.735
12.0,12.360330469044136
12.0,12.440345100305187
0.0,0.0
0.0,0.0
12.0,12.001738070965432
15.0,12.64901651936986
13.0,12.346935404771127
0.0,0.0
0.0,0.0
0.0,0.0
0.0,0.0
12.0,12.763577851459273
0.0,0.0
0.0,0.0
0.0,0.0
6.0,6.538356792191548
14.0,12.338570340447955
0.0,0.0
0.0,0.0
7.0,1.47
0.0,0.0
12.0,12.320633061552417
13.0,12.529921191241929
12.0,12.357325238792155
0.0,0.0
12.0,12.541523059449672
0.0,0.0
0.0,0.0
14.0,12.57331159415659
0.0,0.0
14.0,12.455685564435564
0.0,0.0
0.0,0.0
11.0,11.67375
0.0,0.0
0.0,0.0
13.0,12.542110494272936
0.0,0.01
12.0,11.956435143288086
0.0,0.0
0.0,0.0
12.0,12.517841221261541
13.0,12.408633192805747
0.0,0.0
0.0,0.0
0.0,0.0
0.0,0.0
12.0,11.645
8.0,12.139747710689116
0.0,0.0
13.0,12.955229054836765
6.0,6.91125
0.0,0.0
6.0,6.95
13.0,13.192498168033538
12.0,12.681376274958744
13.0,12.570440558343194
0.0,0.01
13.0,11.803286167191814
0.0,0.0
0.0,0.0
12.0,12.7721920995671
13.0,12.516420389208015
0.0,0.0
13.0,12.829346197734726
0.0,0.0
0.0,0.0
0.0,0.0
13.0,13.10859234184792
0.0,0.0
13.0,13.019736512081714
7.0,7.336608625532952
0.0,0.0
0.0,0.0
14.0,12.493686114451277
0.0,0.0
12.0,12.491858753882859
12.0,6.30715630541545
0.0,0.0
0.0,0.0
0.0,0.0
0.0,0.0
0.0,0.0
13.0,12.77100726858307
13.0,12.946672501413948
0.0,0.0
12.0,12.575688838253798
0.0,0.0
13.0,12.296281852118414
13.0,12.218378203314812
0.0,0.0
0.0,0.0
12.0,12.623169207624818
0.0,0.0
13.0,11.987727272727273
0.0,0.0
14.0,12.572394832634238
6.0,6.4337212301587305
12.0,12.507392621239283
0.0,0.0
14.0,12.393114420885492
0.0,0.0
12.0,12.277223032381091
0.0,0.0
12.0,12.724134314651193
12.0,12.861884729443219
0.0,0.0
12.0,12.344331108094668
0.0,0.0
0.0,0.0
12.0,12.456064056634961
12.0,12.615177138805407
6.0,6.471875580891521
12.0,11.3008095952024
0.0,0.0
12.0,12.475536843668614
0.0,0.0
12.0,7.122416609714995
0.0,0.07
0.0,0.0
12.0,12.90928966430659
13.0,12.22735764201424
0.0,0.0
0.0,0.0
12.0,12.28
6.0,6.683061298565061
0.0,0.0
12.0,12.819521821664484
13.0,12.426449658886053
0.0,0.0
6.0,6.956683320200162
14.0,12.579358657881182
0.0,0.0
14.0,12.537717729123877
14.0,12.918029086167998
0.0,0.0
0.0,0.0
0.0,0.0
0.0,0.0
6.0,6.8065476190476195
13.0,12.527770793099998
12.0,13.16182118061509
6.0,6.594281857031858
13.0,12.567406553017513
0.0,0.0
14.0,11.49064311594203
12.0,12.418961304194603
0.0,0.0
12.0,12.44553630130137
0.0,0.0
12.0,12.01878661708496
12.0,12.513003065208077
0.0,0.0
12.0,12.924493785118015
0.0,0.0
13.0,12.664867130922413
0.0,0.0
6.0,6.800145833333334
0.0,0.0
12.0,12.573212924871159
0.0,0.0
12.0,12.573146032797169
0.0,0.0
0.0,0.0
12.0,12.320828940895783
0.0,0.0
12.0,12.399954710598843
13.0,12.83538677988678
0.0,0.0
0.0,0.0
0.0,0.0
11.0,12.284096654711949
0.0,0.0
12.0,12.546840534448918
0.0,0.0
0.0,0.0
13.0,12.21575302639069
0.0,0.0
0.0,0.0
0.0,0.0
13.0,11.00123015873016
6.0,6.238245187175043
6.0,6.366913740957431
14.0,11.750595313964995
12.0,12.522984723747097
0.0,0.0
13.0,12.778803459008484
13.0,12.696337465862205
0.0,0.0
12.0,12.08153986701207
12.0,12.310556636261204
13.0,12.167690116515105
0.0,0.0
11.0,12.556205394304051
0.0,0.5
12.0,12.239021559159038
0.0,0.0
0.0,0.0
12.0,12.75765969738345
0.0,0.0
6.0,6.438000481467883
12.0,12.457932791021882
12.0,12.380823529411765
7.0,6.911301587301587
0.0,0.0
12.0,11.826982758382929
12.0,13.231960003363852
0.0,0.0
0.0,0.755
0.0,0.0
12.0,12.22976722324473
0.0,0.0
0.0,0.0
0.0,0.0
0.0,0.0
13.0,12.953226253058233
0.0,0.0
13.0,12.50397254784426
0.0,2.095
13.0,12.716584053131605
0.0,0.0
0.0,0.0
12.0,12.95637532495287
0.0,0.0
0.0,0.0
0.0,0.0
13.0,12.41516905465968
0.0,0.0
0.0,0.0
6.0,6.465615680716398
0.0,0.0
14.0,12.644167733936849
12.0,12.534189083798687
0.0,0.0
0.0,0.0
12.0,12.36967702611316
0.0,0.0
12.0,12.170746949154106
0.0,0.0
0.0,0.0
12.0,12.201581486203963
6.0,6.5975699476387835
13.0,12.230802812537505
12.0,12.1
12.0,12.463849874871016
13.0,12.336733544787268
7.0,6.38
12.0,12.319484469853576
13.0,12.811992537256415
12.0,12.330987781357077
1.0,0.765
13.0,11.66
0.0,0.0
0.0,0.0
14.0,12.464372295894867
0.0,0.0
0.0,0.0
5.0,6.338760658414079
7.0,8.931505376344086
13.0,12.551265783634712
0.0,0.0
0.0,0.0
0.0,0.0
0.0,0.0
0.0,0.0
0.0,0.0
7.0,6.763212412172939
0.0,0.0
7.0,11.509732990190425
0.0,0.0
0.0,0.0
0.0,0.0
13.0,8.615
12.0,12.68674410838913
12.0,12.965686287849547
0.0,0.0
0.0,0.0
0.0,0.0
12.0,12.414264381417697
14.0,12.528662904519505
13.0,12.613508515114713
0.0,0.0
0.0,0.0
0.0,0.0
0.0,0.0
0.0,0.0
14.0,12.764497358561172
0.0,0.0
12.0,11.053055555555556
0.0,0.0
12.0,12.800865927268154
13.0,11.284030115887104
0.0,0.0
12.0,12.233885187659173
0.0,0.0
13.0,12.109457853237812
13.0,12.587665677787088
13.0,12.458793903480538
13.0,12.666653357197827
12.0,12.216785679148689
0.0,0.0
12.0,12.631157088122606
0.0,0.29
0.0,0.0
0.0,0.0
10.0,12.064703177423091
12.0,11.559290230922656
0.0,0.0
12.0,10.897
0.0,0.0
0.0,0.0
0.0,0.0
6.0,6.201481516100984
0.0,0.0
13.0,12.628404286327033
0.0,0.03
0.0,0.005
0.0,0.0
0.0,0.0
0.0,0.0
0.0,0.0
13.0,12.242473145623935
0.0,0.0
0.0,0.0
12.0,12.248088398311774
0.0,0.0
0.0,0.0
12.0,12.348721846005114
0.0,0.0
0.0,0.0
13.0,12.786052126790718
0.0,0.0
6.0,6.092204141754042
0.0,0.0
0.0,0.0
14.0,12.57064098068883
13.0,13.325396627897451
0.0,0.0
0.0,0.0
12.0,12.148881441331637
12.0,12.360617808044138
0.0,0.0
0.0,0.0
13.0,12.648071997711668
0.0,0.0
0.0,0.0
0.0,0.0
12.0,12.58717720841558
13.0,12.808125658055753
0.0,0.0
13.0,12.53371338317376
0.0,0.0
13.0,12.772414704450057
0.0,0.0
12.0,12.192129810032657
0.0,0.0
6.0,6.516973593973594
0.0,0.0
0.0,0.0
0.0,0.0
0.0,0.0
12.0,10.398020820729984
0.0,0.0
12.0,11.801362569701869
13.0,12.566282030240107
14.0,12.891218030935592
12.0,12.193515751378461
0.0,0.0
0.0,0.0
13.0,12.792468925798985
0.0,0.0
13.0,12.694327570527413
11.0,12.567676022506376
12.0,12.480215818281335
0.0,0.0
12.0,12.3361340215061
0.0,0.0
0.0,0.0
13.0,12.657369659504882
0.0,0.0
14.0,12.924178317400287
0.0,0.0
0.0,0.0
7.0,6.440939151600411
12.0,12.672690602878797
0.0,0.0
0.0,0.0
12.0,12.627333262658063
0.0,0.065
12.0,12.653818970231766
0.0,0.005
13.0,12.82045782751544
0.0,0.0
0.0,0.0
0.0,0.0
0.0,0.0
12.0,12.471277902601663
12.0,12.789644690814931
12.0,13.12553612031174
13.0,12.925137281644295
0.0,0.0
0.0,0.0
7.0,6.48300809954579
12.0,12.149680919383535
12.0,12.575820737598129
0.0,0.0
7.0,6.798640453323318
12.0,12.405084955879973
0.0,0.0
0.0,0.0
0.0,0.0
0.0,0.0
12.0,12.042446071868758
0.0,0.0
0.0,0.0
1.0,1.965
14.0,12.263160160703618
0.0,0.0
14.0,10.933552548029274
13.0,13.10007587438673
0.0,0.0
0.0,0.0
